/*M!999999\- enable the sandbox mode */ 
-- MariaDB dump 10.19-11.8.6-MariaDB, for debian-linux-gnu (x86_64)
--
-- Host: localhost    Database: transitops
-- ------------------------------------------------------
-- Server version	11.8.6-MariaDB-6 from Debian

/*!40101 SET @OLD_CHARACTER_SET_CLIENT=@@CHARACTER_SET_CLIENT */;
/*!40101 SET @OLD_CHARACTER_SET_RESULTS=@@CHARACTER_SET_RESULTS */;
/*!40101 SET @OLD_COLLATION_CONNECTION=@@COLLATION_CONNECTION */;
/*!40101 SET NAMES utf8mb4 */;
/*!40103 SET @OLD_TIME_ZONE=@@TIME_ZONE */;
/*!40103 SET TIME_ZONE='+00:00' */;
/*!40014 SET @OLD_UNIQUE_CHECKS=@@UNIQUE_CHECKS, UNIQUE_CHECKS=0 */;
/*!40014 SET @OLD_FOREIGN_KEY_CHECKS=@@FOREIGN_KEY_CHECKS, FOREIGN_KEY_CHECKS=0 */;
/*!40101 SET @OLD_SQL_MODE=@@SQL_MODE, SQL_MODE='NO_AUTO_VALUE_ON_ZERO' */;
/*M!100616 SET @OLD_NOTE_VERBOSITY=@@NOTE_VERBOSITY, NOTE_VERBOSITY=0 */;

--
-- Current Database: `transitops`
--

CREATE DATABASE /*!32312 IF NOT EXISTS*/ `transitops` /*!40100 DEFAULT CHARACTER SET utf8mb4 COLLATE utf8mb4_uca1400_ai_ci */;

USE `transitops`;

--
-- Table structure for table `drivers`
--

DROP TABLE IF EXISTS `drivers`;
/*!40101 SET @saved_cs_client     = @@character_set_client */;
/*!40101 SET character_set_client = utf8mb4 */;
CREATE TABLE `drivers` (
  `id` int(11) NOT NULL AUTO_INCREMENT,
  `name` varchar(100) NOT NULL,
  `license_number` varchar(50) NOT NULL,
  `license_category` varchar(20) NOT NULL,
  `license_expiry` date NOT NULL,
  `contact_number` varchar(20) DEFAULT NULL,
  `safety_score` decimal(5,2) DEFAULT 100.00,
  `status` enum('Available','On Trip','Off Duty','Suspended') DEFAULT 'Available',
  `created_at` timestamp NULL DEFAULT current_timestamp(),
  PRIMARY KEY (`id`),
  UNIQUE KEY `license_number` (`license_number`)
) ENGINE=InnoDB AUTO_INCREMENT=36 DEFAULT CHARSET=utf8mb4 COLLATE=utf8mb4_uca1400_ai_ci;
/*!40101 SET character_set_client = @saved_cs_client */;

--
-- Dumping data for table `drivers`
--

SET @OLD_AUTOCOMMIT=@@AUTOCOMMIT, @@AUTOCOMMIT=0;
LOCK TABLES `drivers` WRITE;
/*!40000 ALTER TABLE `drivers` DISABLE KEYS */;
INSERT INTO `drivers` VALUES
(1,'Rachael Gray','DL86608999','HMV','2029-04-11','+1-914-549-8174',94.82,'On Trip','2023-11-07 12:31:05'),
(2,'Edward Austin','DL11952620','Class C CDL','2026-12-25','+1-103-396-2172',77.84,'Available','2025-07-26 23:17:39'),
(3,'Ryan Graham','DL60771515','Class C CDL','2030-07-23','+1-848-475-1350',96.70,'On Trip','2023-08-11 10:21:22'),
(4,'Tammy Barber','DL52983398','Class B CDL','2028-10-09','+1-561-159-7143',90.99,'Off Duty','2025-11-18 02:10:03'),
(5,'Stephanie Dillon','DL72937390','Non-CDL','2029-11-01','+1-428-343-3514',75.77,'On Trip','2023-10-18 11:18:00'),
(6,'Ann Andrews','DL55484211','Class C CDL','2031-03-25','+1-640-525-9435',79.50,'Off Duty','2023-10-31 02:18:17'),
(7,'Rhonda Davis','DL39548761','Class A CDL','2026-08-17','+1-361-481-1004',82.31,'On Trip','2025-10-11 10:11:09'),
(8,'John Villarreal','DL23547193','Class C CDL','2029-01-12','+1-518-222-2541',80.50,'Available','2025-08-27 02:20:51'),
(9,'Lindsay Martinez','DL37748247','Class C CDL','2027-03-26','+1-059-832-4682',91.33,'On Trip','2023-09-03 17:52:43'),
(10,'Danielle Strickland','DL69954386','Class C CDL','2030-07-26','+1-848-787-0652',67.96,'On Trip','2024-04-19 23:46:26'),
(11,'Matthew Butler','DL86585123','Class A CDL','2026-08-14','+1-592-922-4469',60.82,'Available','2024-09-23 15:49:24'),
(12,'Cynthia Smith','DL80961146','Class A CDL','2028-02-10','+1-733-577-3658',93.09,'On Trip','2025-05-11 18:35:14'),
(13,'Martha Compton','DL39456655','Class A CDL','2026-10-07','+1-185-283-4448',77.00,'Off Duty','2024-08-22 09:36:25'),
(14,'Nancy Wheeler','DL26541515','Non-CDL','2031-01-04','+1-896-224-6390',92.88,'Available','2025-01-04 12:01:55'),
(15,'Mark Cruz','DL32118833','Class C CDL','2029-03-31',NULL,95.72,'Available','2024-11-10 19:13:56'),
(16,'Valerie Reyes','DL68105752','Class B CDL','2028-07-05','+1-572-973-1698',91.98,'Available','2024-10-01 11:27:56'),
(17,'Edward Wright','DL85077924','Class A CDL','2026-07-18','+1-387-900-9343',92.29,'On Trip','2024-01-17 19:28:31'),
(18,'Curtis Collins','DL43672842','Class B CDL','2030-09-08','+1-728-576-1396',70.36,'Off Duty','2024-02-21 19:25:06'),
(19,'Sue Johnson','DL86411303','Class A CDL','2030-04-06','+1-842-185-9468',91.97,'On Trip','2025-07-22 23:59:52'),
(20,'Erica Martinez','DL70337867','Class B CDL','2028-04-10','+1-865-971-6638',81.84,'Available','2023-07-16 19:54:21'),
(21,'Kyle Keith','DL78579918','Class B CDL','2027-07-09','+1-798-642-7983',65.36,'Suspended','2024-08-09 01:16:31'),
(22,'James Simmons','DL64392012','Non-CDL','2028-03-15','+1-991-734-0626',85.02,'Off Duty','2025-11-15 04:13:47'),
(23,'Patricia Ochoa','DL91263787','Non-CDL','2026-07-29',NULL,92.32,'Available','2025-01-21 06:01:46'),
(24,'Brett Garza','DL19362262','Non-CDL','2028-04-19',NULL,87.81,'Available','2024-02-26 06:17:21'),
(25,'Stephen Adams','DL20050864','Class A CDL','2030-01-08',NULL,79.31,'Available','2024-08-05 03:28:04'),
(26,'Jenna Ross','DL74910914','Class B CDL','2030-06-22','+1-953-493-0965',97.54,'Available','2026-04-23 11:37:17'),
(27,'Danielle Adams','DL19736064','Non-CDL','2029-08-27','+1-297-929-4782',67.19,'On Trip','2023-12-11 08:04:30'),
(28,'Mike Ward','DL63788560','Class B CDL','2027-09-23','+1-341-136-5712',83.88,'On Trip','2023-08-30 19:52:09'),
(29,'Allison Goodwin','DL14659158','Non-CDL','2028-12-30','+1-897-541-9213',87.62,'Available','2024-09-22 03:39:38'),
(30,'James Jackson II','DL48069719','Class C CDL','2028-11-02','+1-963-745-7913',83.24,'Available','2026-07-05 04:03:22'),
(31,'Robert Mathews','DL52892554','Non-CDL','2030-12-20','+1-943-622-0062',86.90,'On Trip','2026-02-25 21:33:00'),
(32,'Krystal King','DL20672785','Class C CDL','2028-11-02','+1-400-808-2041',74.12,'Off Duty','2024-10-28 01:32:01'),
(33,'Jonathan Anderson','DL47483092','Class C CDL','2029-12-16','+1-376-544-3309',90.71,'Off Duty','2026-05-01 07:57:28'),
(34,'Hannah Jacobs','DL85196501','Class C CDL','2029-09-19','+1-058-683-8614',77.33,'On Trip','2025-10-03 06:33:49'),
(35,'Nicole King','DL22961024','Class B CDL','2027-04-12','+1-360-018-7851',90.02,'On Trip','2026-06-24 13:02:57');
/*!40000 ALTER TABLE `drivers` ENABLE KEYS */;
UNLOCK TABLES;
COMMIT;
SET AUTOCOMMIT=@OLD_AUTOCOMMIT;

--
-- Table structure for table `expenses`
--

DROP TABLE IF EXISTS `expenses`;
/*!40101 SET @saved_cs_client     = @@character_set_client */;
/*!40101 SET character_set_client = utf8mb4 */;
CREATE TABLE `expenses` (
  `id` int(11) NOT NULL AUTO_INCREMENT,
  `vehicle_id` int(11) NOT NULL,
  `trip_id` int(11) DEFAULT NULL,
  `category` varchar(50) NOT NULL,
  `amount` decimal(10,2) NOT NULL,
  `description` varchar(255) DEFAULT NULL,
  `log_date` date NOT NULL,
  PRIMARY KEY (`id`),
  KEY `vehicle_id` (`vehicle_id`),
  KEY `trip_id` (`trip_id`),
  CONSTRAINT `expenses_ibfk_1` FOREIGN KEY (`vehicle_id`) REFERENCES `vehicles` (`id`),
  CONSTRAINT `expenses_ibfk_2` FOREIGN KEY (`trip_id`) REFERENCES `trips` (`id`) ON DELETE SET NULL
) ENGINE=InnoDB AUTO_INCREMENT=225 DEFAULT CHARSET=utf8mb4 COLLATE=utf8mb4_uca1400_ai_ci;
/*!40101 SET character_set_client = @saved_cs_client */;

--
-- Dumping data for table `expenses`
--

SET @OLD_AUTOCOMMIT=@@AUTOCOMMIT, @@AUTOCOMMIT=0;
LOCK TABLES `expenses` WRITE;
/*!40000 ALTER TABLE `expenses` DISABLE KEYS */;
INSERT INTO `expenses` VALUES
(1,40,39,'Miscellaneous',663.09,NULL,'2025-08-31'),
(2,37,272,'Permit',429.91,'Care page picture her argue general.','2026-04-09'),
(3,8,168,'Traffic Fine',1367.96,'Reason keep once.','2026-01-04'),
(4,35,7,'Driver Allowance',164.72,'Firm third skill reason serve anything spend.','2025-08-02'),
(5,5,44,'Permit',1474.30,NULL,'2024-09-21'),
(6,9,NULL,'Driver Allowance',1685.72,'Other several give identify American up southern.','2024-07-19'),
(7,34,111,'Miscellaneous',1514.52,NULL,'2025-05-19'),
(8,35,7,'Traffic Fine',1054.07,'Eight quickly single hospital vote include chair color.','2025-08-04'),
(9,1,NULL,'Parking',804.35,'Tonight production me politics painting western hotel.','2025-04-24'),
(10,32,102,'Traffic Fine',1341.13,'Major almost phone fact success very.','2026-03-21'),
(11,30,23,'Toll',1274.52,'Ever eight across build public somebody.','2024-12-15'),
(12,1,21,'Loading Fee',1735.20,'Life character drive down.','2026-02-25'),
(13,36,9,'Cleaning',628.62,'Bag sport benefit also price.','2024-12-08'),
(14,3,NULL,'Cleaning',203.93,'Chair get anyone something hope some.','2024-08-12'),
(15,15,NULL,'Cleaning',1022.80,NULL,'2025-10-10'),
(16,31,NULL,'Permit',1798.29,'Step social north commercial morning audience.','2026-03-08'),
(17,5,NULL,'Traffic Fine',1004.67,'What space fear.','2025-10-13'),
(18,33,74,'Permit',1102.10,'Beautiful that answer example figure usually water.','2024-11-13'),
(19,24,73,'Parking',233.32,NULL,'2025-01-02'),
(20,27,155,'Toll',1618.26,'Meeting those voice hand.','2024-12-22'),
(21,31,258,'Cleaning',560.40,NULL,'2026-04-09'),
(22,2,204,'Driver Allowance',529.81,'Cell development pass discover style grow camera protect.','2025-01-25'),
(23,1,NULL,'Loading Fee',417.73,'Key economy month response five with director save.','2025-05-19'),
(24,9,5,'Miscellaneous',9.50,'Get the young sign cell share.','2026-05-13'),
(25,11,221,'Traffic Fine',1070.42,'Might strategy beyond board.','2026-02-08'),
(26,29,125,'Parking',1594.85,'Central project statement project something claim.','2024-12-11'),
(27,6,NULL,'Parking',1678.39,'Girl edge senior all either lot.','2025-01-26'),
(28,20,186,'Parking',779.27,'Movie garden training study company cut poor discover.','2025-04-30'),
(29,12,NULL,'Parking',640.91,'Read have spend couple while usually.','2025-05-18'),
(30,32,NULL,'Parking',1798.69,'Range improve yourself smile either I.','2025-03-15'),
(31,26,144,'Cleaning',1511.77,'Every government avoid sound suddenly development line get.','2026-03-10'),
(32,40,39,'Cleaning',629.01,'Response blood most approach performance.','2025-08-29'),
(33,30,66,'Driver Allowance',20.61,'Significant movement summer interest perform.','2024-10-02'),
(34,4,80,'Loading Fee',1271.02,'However room debate tree.','2025-06-12'),
(35,3,174,'Parking',481.99,'Management improve situation turn too process.','2024-10-09'),
(36,36,NULL,'Miscellaneous',1027.93,'Why single team fall catch.','2024-12-15'),
(37,12,30,'Miscellaneous',1450.22,'Fight card four fly everyone financial truth.','2025-05-11'),
(38,23,213,'Cleaning',238.06,'Far federal civil enjoy time wind else.','2025-10-22'),
(39,2,242,'Parking',1065.33,'Wait strategy manager collection though always.','2024-08-04'),
(40,30,296,'Toll',1272.76,'Day us anything seat always somebody what personal.','2025-12-06'),
(41,12,137,'Cleaning',301.56,'Can action drop great its Republican.','2024-12-15'),
(42,18,291,'Permit',1547.65,NULL,'2025-03-15'),
(43,16,152,'Driver Allowance',601.98,'Stop system investment picture analysis market that must.','2026-03-28'),
(44,10,232,'Toll',989.56,'Here job travel your.','2025-03-04'),
(45,14,177,'Loading Fee',1216.67,'Information office outside often purpose from.','2025-05-19'),
(46,28,218,'Loading Fee',1211.78,'Tend conference want military strong wear.','2025-01-26'),
(47,35,7,'Cleaning',137.13,NULL,'2025-08-02'),
(48,22,265,'Traffic Fine',1742.50,'Example employee be.','2026-05-20'),
(49,21,263,'Traffic Fine',1253.57,'Education large itself beyond smile local staff nature.','2026-02-14'),
(50,5,NULL,'Loading Fee',1301.12,'Nearly note father risk future either.','2024-10-11'),
(51,40,167,'Permit',1158.36,'Recent authority sister quite political most reveal detail.','2024-11-01'),
(52,3,262,'Traffic Fine',1659.45,NULL,'2025-03-01'),
(53,26,278,'Parking',1069.78,'Apply true how increase.','2026-05-22'),
(54,14,NULL,'Miscellaneous',701.56,'Particularly music free program.','2024-11-04'),
(55,12,NULL,'Cleaning',768.07,'Other star easy factor election will chair.','2025-01-09'),
(56,33,NULL,'Permit',85.69,'Official every political significant country product.','2025-10-16'),
(57,35,NULL,'Miscellaneous',1180.81,'Collection focus clear population part.','2024-09-26'),
(58,7,13,'Cleaning',1783.33,'Energy defense end among almost child.','2025-05-06'),
(59,3,206,'Loading Fee',369.95,'Voice feeling surface if teach pay expert.','2026-05-21'),
(60,18,NULL,'Cleaning',515.75,'Low check oil center article.','2025-01-31'),
(61,35,183,'Loading Fee',936.40,'Away management law film especially.','2025-03-12'),
(62,33,NULL,'Driver Allowance',450.62,'Many issue the issue senior usually result set.','2026-03-19'),
(63,16,NULL,'Cleaning',1519.15,'Eye benefit what claim front half.','2026-01-04'),
(64,17,76,'Parking',301.61,'Relate but them appear part both.','2026-02-25'),
(65,10,126,'Cleaning',486.68,'Teacher local common card people.','2026-06-11'),
(66,14,243,'Loading Fee',1240.85,'Follow keep show coach piece machine.','2025-07-19'),
(67,40,87,'Permit',935.47,'Also cup economic capital.','2025-01-06'),
(68,35,32,'Driver Allowance',556.51,'Win news above experience strategy.','2025-02-16'),
(69,19,256,'Driver Allowance',515.54,'Usually prevent challenge.','2024-11-29'),
(70,20,156,'Loading Fee',1772.82,'Responsibility operation environmental special.','2026-04-28'),
(71,3,NULL,'Permit',1747.60,'Two claim indicate sit must.','2024-09-02'),
(72,28,266,'Loading Fee',54.03,'Community ask material data radio each country.','2025-06-27'),
(73,23,14,'Miscellaneous',1470.22,NULL,'2026-02-13'),
(74,14,220,'Parking',1572.94,'Month conference note item news office.','2025-02-19'),
(75,6,NULL,'Miscellaneous',1560.61,'Network brother this score.','2025-08-24'),
(76,36,230,'Driver Allowance',344.79,NULL,'2024-08-08'),
(77,26,144,'Parking',752.05,'Wrong television leg.','2026-03-11'),
(78,21,51,'Cleaning',281.25,'Of goal leader national movie our camera.','2024-10-23'),
(79,13,NULL,'Parking',824.24,NULL,'2024-12-19'),
(80,9,55,'Driver Allowance',289.80,'Provide feel response heart player.','2025-05-04'),
(81,14,NULL,'Loading Fee',1004.80,'Perform investment yourself lead information.','2024-08-19'),
(82,22,261,'Cleaning',658.52,'Collection anything him clear.','2026-05-01'),
(83,12,268,'Permit',5.60,'Method until hard.','2025-11-04'),
(84,40,87,'Permit',1249.92,'Agreement population program home down your.','2025-01-07'),
(85,6,NULL,'Miscellaneous',914.08,'Whole president current.','2025-08-24'),
(86,4,240,'Miscellaneous',507.82,NULL,'2025-08-26'),
(87,2,214,'Loading Fee',1099.94,NULL,'2025-05-26'),
(88,14,220,'Toll',628.79,'Stuff hand also important white west.','2025-02-22'),
(89,15,276,'Permit',1438.71,'Door morning property politics.','2025-11-07'),
(90,5,NULL,'Cleaning',1625.80,'Stay source partner space dog tough defense.','2025-02-14'),
(91,38,18,'Parking',1580.00,NULL,'2026-07-04'),
(92,13,120,'Driver Allowance',1229.09,'Become month condition must important cell.','2026-05-03'),
(93,20,93,'Parking',641.03,'Analysis visit travel floor property second later.','2024-09-09'),
(94,33,NULL,'Parking',1799.52,'Less sound teach hand expect once.','2026-01-08'),
(95,4,229,'Traffic Fine',127.37,'Street personal believe someone serve fill.','2026-03-17'),
(96,4,293,'Driver Allowance',1261.27,'Federal whole prepare season.','2025-03-09'),
(97,3,174,'Miscellaneous',98.96,'Deep American where religious over food.','2024-10-10'),
(98,2,NULL,'Driver Allowance',47.73,NULL,'2025-12-14'),
(99,16,147,'Miscellaneous',349.37,NULL,'2025-02-19'),
(100,38,18,'Permit',1383.05,'Although book realize seem director on note.','2026-07-05'),
(101,21,260,'Toll',1687.25,'Accept charge sit.','2025-07-31'),
(102,18,101,'Parking',149.76,'Yourself within this back.','2026-01-10'),
(103,20,NULL,'Permit',1660.44,NULL,'2025-09-21'),
(104,35,NULL,'Parking',542.36,NULL,'2025-11-30'),
(105,29,NULL,'Cleaning',1153.81,NULL,'2025-01-30'),
(106,26,NULL,'Miscellaneous',1738.15,NULL,'2026-05-30'),
(107,22,265,'Driver Allowance',328.36,'This control especially find receive.','2026-05-23'),
(108,13,NULL,'Traffic Fine',252.34,'Six bad wrong able.','2024-08-18'),
(109,24,NULL,'Miscellaneous',414.01,'Car hot you pattern home.','2026-02-05'),
(110,29,205,'Toll',386.58,'System pay contain design bed total form get.','2025-05-31'),
(111,34,249,'Miscellaneous',671.13,'Usually time discuss forget.','2024-09-14'),
(112,17,NULL,'Permit',1488.66,'Society relationship issue ground throughout Congress big.','2025-08-24'),
(113,27,NULL,'Traffic Fine',593.04,'Particular yourself issue as program edge hot.','2026-03-30'),
(114,15,NULL,'Traffic Fine',1694.09,'Involve per prepare couple in money.','2025-04-06'),
(115,13,NULL,'Loading Fee',1769.79,'Language across well improve.','2025-07-09'),
(116,15,NULL,'Toll',1223.00,'Course relate pattern class.','2026-06-06'),
(117,24,172,'Parking',1586.36,'Financial yet born point born conference policy laugh.','2026-05-20'),
(118,37,NULL,'Cleaning',1517.26,'Issue cell source growth factor heart become.','2026-05-05'),
(119,8,NULL,'Traffic Fine',1080.93,NULL,'2025-05-26'),
(120,26,115,'Permit',1345.44,'Couple girl draw money power.','2024-12-07'),
(121,20,45,'Miscellaneous',1442.87,'Increase size a want mouth arm choice.','2025-03-25'),
(122,26,211,'Driver Allowance',1588.09,NULL,'2025-04-05'),
(123,25,NULL,'Loading Fee',1723.55,NULL,'2026-04-14'),
(124,33,NULL,'Miscellaneous',501.24,'Push scientist hope society lot.','2025-02-25'),
(125,28,NULL,'Miscellaneous',1049.37,'Well practice research interest decade piece early tree.','2025-11-14'),
(126,18,101,'Cleaning',465.43,'Whose Democrat fast television let.','2026-01-08'),
(127,40,NULL,'Permit',759.96,'Decision leg base air why reveal perform.','2025-08-23'),
(128,24,73,'Loading Fee',435.31,'Result spring increase continue parent.','2025-01-01'),
(129,40,108,'Cleaning',35.36,'Heart system leg east management fall.','2025-02-18'),
(130,11,231,'Miscellaneous',915.82,'Management visit goal body reveal prove build.','2026-05-04'),
(131,34,NULL,'Toll',699.53,'Democrat article rock compare seven raise.','2025-11-26'),
(132,27,NULL,'Miscellaneous',197.85,'Center attack memory civil old deep me.','2025-05-17'),
(133,27,NULL,'Toll',1549.30,'Pretty financial little again later wrong purpose.','2026-04-28'),
(134,35,183,'Permit',981.22,'Job guy design yard data leave.','2025-03-09'),
(135,11,NULL,'Loading Fee',1340.11,'Work perhaps expect test assume.','2026-04-24'),
(136,6,NULL,'Miscellaneous',1639.12,'Treat quality expert yeah three dinner tough.','2026-05-30'),
(137,40,87,'Cleaning',1102.76,'Eat church remain station in air.','2025-01-09'),
(138,12,42,'Toll',1140.33,'Huge carry be light road somebody.','2025-11-19'),
(139,39,NULL,'Driver Allowance',866.48,NULL,'2026-05-16'),
(140,9,NULL,'Cleaning',1368.74,NULL,'2025-02-01'),
(141,5,175,'Driver Allowance',669.16,'Million sport book arm.','2025-02-22'),
(142,32,247,'Driver Allowance',1764.02,'Film world fill later general next.','2025-10-17'),
(143,33,74,'Loading Fee',1148.41,'Enjoy see collection expert memory.','2024-11-13'),
(144,28,266,'Loading Fee',957.12,'Stage to along wife himself fund sound.','2025-06-26'),
(145,7,253,'Miscellaneous',1718.59,'Fall senior enter myself.','2024-11-29'),
(146,22,NULL,'Parking',1230.33,'Inside step staff.','2025-10-01'),
(147,11,NULL,'Cleaning',1127.92,'Meeting success blood them notice social become term.','2024-07-28'),
(148,35,7,'Driver Allowance',150.40,'One still line my country across.','2025-08-05'),
(149,30,NULL,'Toll',771.81,'It middle indicate necessary far.','2025-06-20'),
(150,15,86,'Cleaning',223.49,'Appear threat child truth.','2024-11-06'),
(151,10,NULL,'Miscellaneous',1132.74,'Bar gun or former produce.','2026-02-24'),
(152,34,NULL,'Permit',1693.21,'Own city civil side decade.','2026-04-08'),
(153,13,NULL,'Cleaning',605.29,'On assume north sport know hair show.','2026-02-10'),
(154,1,21,'Parking',390.19,'Your speak student value central compare concern.','2026-02-26'),
(155,40,165,'Loading Fee',1488.87,'Debate simple really turn.','2025-01-31'),
(156,35,183,'Parking',1216.31,NULL,'2025-03-11'),
(157,12,60,'Toll',468.12,'Name position race job exactly by.','2025-05-30'),
(158,21,260,'Loading Fee',674.07,'Her well ever site key.','2025-08-02'),
(159,12,252,'Toll',1766.80,'Top kind yourself artist.','2025-06-15'),
(160,35,135,'Driver Allowance',274.19,'Project experience simple notice since.','2024-08-30'),
(161,8,160,'Traffic Fine',1167.30,'Check over through there produce pay.','2025-08-19'),
(162,40,NULL,'Toll',1088.93,'Avoid task program stage.','2026-05-02'),
(163,3,262,'Miscellaneous',660.50,'Nature article your issue.','2025-03-03'),
(164,15,NULL,'Driver Allowance',1693.62,'Customer rather citizen bag boy late.','2025-11-21'),
(165,15,284,'Permit',1631.39,NULL,'2025-08-28'),
(166,24,275,'Driver Allowance',840.54,NULL,'2026-06-12'),
(167,28,63,'Cleaning',172.24,NULL,'2024-09-23'),
(168,25,NULL,'Parking',765.58,'Blood either pressure until occur.','2026-03-20'),
(169,15,86,'Parking',1683.53,NULL,'2024-11-05'),
(170,4,69,'Cleaning',1231.18,NULL,'2026-05-04'),
(171,29,NULL,'Loading Fee',1340.72,'Establish behind feel heavy.','2025-04-04'),
(172,6,75,'Miscellaneous',699.85,NULL,'2026-07-05'),
(173,21,81,'Toll',174.85,'Federal beyond shake key.','2024-08-05'),
(174,3,NULL,'Toll',1586.40,'Air speech live politics.','2025-10-21'),
(175,32,247,'Cleaning',991.28,'Really light conference local that.','2025-10-15'),
(176,26,NULL,'Toll',54.36,'Million skill politics case recognize.','2026-03-31'),
(177,32,NULL,'Cleaning',1699.10,NULL,'2026-01-08'),
(178,4,80,'Permit',1061.27,'Former imagine kid leave price second.','2025-06-12'),
(179,2,NULL,'Traffic Fine',883.98,'He data travel employee step million school.','2025-10-31'),
(180,31,NULL,'Cleaning',958.25,'Stuff foreign strong than politics cup.','2026-02-06'),
(181,25,NULL,'Loading Fee',1116.06,'Crime work finally single wish discussion.','2026-07-01'),
(182,21,NULL,'Parking',1452.96,'Others figure sometimes record thing.','2024-07-31'),
(183,16,NULL,'Cleaning',466.24,'Reason seek successful lawyer.','2025-03-22'),
(184,40,209,'Parking',1578.70,'Wife outside article drop.','2025-12-01'),
(185,6,NULL,'Driver Allowance',731.91,'Section husband goal trade.','2024-12-02'),
(186,33,NULL,'Miscellaneous',901.96,'Lay sure of explain head site will.','2024-08-07'),
(187,32,NULL,'Driver Allowance',1375.39,NULL,'2025-04-10'),
(188,21,105,'Parking',419.83,'Around successful memory everybody man.','2026-03-02'),
(189,5,NULL,'Permit',1132.89,'Scene ok no mention color among.','2026-03-12'),
(190,24,NULL,'Permit',423.32,'Cut born cold instead education rise.','2025-01-14'),
(191,15,257,'Traffic Fine',24.85,'Election reflect evidence themselves.','2025-08-24'),
(192,21,106,'Parking',465.81,'Start admit figure catch in level trouble.','2024-09-06'),
(193,19,170,'Miscellaneous',1603.31,'Take military rise hit ready run including.','2025-04-10'),
(194,38,202,'Traffic Fine',10.14,'Pressure interview term ago.','2024-10-22'),
(195,24,98,'Permit',1697.47,'Over fact foot media cell.','2025-06-21'),
(196,22,NULL,'Driver Allowance',454.80,NULL,'2024-08-20'),
(197,16,147,'Toll',108.98,'Many win as half pick change leave.','2025-02-17'),
(198,21,260,'Traffic Fine',944.64,'Foreign example wind back career plan third without.','2025-08-02'),
(199,12,42,'Traffic Fine',1702.99,'Organization recent lose chance task trade car service.','2025-11-19'),
(200,18,101,'Driver Allowance',97.91,'Green scientist son range.','2026-01-11'),
(201,28,162,'Toll',441.63,'Have financial human just for those.','2025-01-19'),
(202,4,293,'Parking',1208.39,'Charge car local PM really interview.','2025-03-11'),
(203,7,235,'Parking',37.74,NULL,'2025-10-25'),
(204,40,108,'Driver Allowance',290.53,NULL,'2025-02-15'),
(205,38,18,'Miscellaneous',1297.92,'Color information improve especially pattern talk.','2026-07-06'),
(206,4,191,'Traffic Fine',319.40,'Group story magazine hotel stand interview maintain.','2025-01-06'),
(207,34,210,'Driver Allowance',353.01,'Focus deal high book.','2025-04-03'),
(208,24,43,'Traffic Fine',175.71,NULL,'2025-08-01'),
(209,34,210,'Parking',1058.83,'Surface country human popular.','2025-04-02'),
(210,36,NULL,'Loading Fee',1395.01,'Already ball ago offer if.','2025-01-16'),
(211,4,69,'Cleaning',385.10,'Early step glass kid food.','2026-05-03'),
(212,6,NULL,'Cleaning',135.51,'Build he start data rise.','2025-11-20'),
(213,19,170,'Miscellaneous',1547.19,NULL,'2025-04-11'),
(214,24,NULL,'Miscellaneous',870.23,'Tonight far evidence certain arm her.','2025-03-12'),
(215,38,NULL,'Driver Allowance',1759.81,'Three word unit level dog finish.','2025-05-31'),
(216,22,114,'Cleaning',482.08,'Magazine commercial example despite show.','2026-04-25'),
(217,12,118,'Miscellaneous',1138.46,'Pass article lawyer every quality.','2025-11-08'),
(218,36,259,'Miscellaneous',900.61,'Like interview attention walk general area billion.','2025-08-12'),
(219,18,NULL,'Loading Fee',1109.50,'Yet central data sometimes market main five.','2025-04-17'),
(220,15,NULL,'Driver Allowance',566.26,'Others rock stuff box number staff throughout.','2025-08-12'),
(221,12,NULL,'Toll',500.00,NULL,'2026-07-09'),
(222,12,NULL,'Other',250.00,NULL,'2026-07-09'),
(223,1,NULL,'Toll',250.00,NULL,'2026-07-12'),
(224,1,NULL,'Other',100.00,NULL,'2026-07-12');
/*!40000 ALTER TABLE `expenses` ENABLE KEYS */;
UNLOCK TABLES;
COMMIT;
SET AUTOCOMMIT=@OLD_AUTOCOMMIT;

--
-- Table structure for table `fuel_logs`
--

DROP TABLE IF EXISTS `fuel_logs`;
/*!40101 SET @saved_cs_client     = @@character_set_client */;
/*!40101 SET character_set_client = utf8mb4 */;
CREATE TABLE `fuel_logs` (
  `id` int(11) NOT NULL AUTO_INCREMENT,
  `vehicle_id` int(11) NOT NULL,
  `trip_id` int(11) DEFAULT NULL,
  `liters` decimal(10,2) NOT NULL,
  `cost` decimal(10,2) NOT NULL,
  `log_date` date NOT NULL,
  PRIMARY KEY (`id`),
  KEY `vehicle_id` (`vehicle_id`),
  KEY `trip_id` (`trip_id`),
  CONSTRAINT `fuel_logs_ibfk_1` FOREIGN KEY (`vehicle_id`) REFERENCES `vehicles` (`id`),
  CONSTRAINT `fuel_logs_ibfk_2` FOREIGN KEY (`trip_id`) REFERENCES `trips` (`id`) ON DELETE SET NULL
) ENGINE=InnoDB AUTO_INCREMENT=284 DEFAULT CHARSET=utf8mb4 COLLATE=utf8mb4_uca1400_ai_ci;
/*!40101 SET character_set_client = @saved_cs_client */;

--
-- Dumping data for table `fuel_logs`
--

SET @OLD_AUTOCOMMIT=@@AUTOCOMMIT, @@AUTOCOMMIT=0;
LOCK TABLES `fuel_logs` WRITE;
/*!40000 ALTER TABLE `fuel_logs` DISABLE KEYS */;
INSERT INTO `fuel_logs` VALUES
(1,14,NULL,200.80,194.72,'2024-09-17'),
(2,6,NULL,399.20,349.82,'2024-10-24'),
(3,3,197,347.20,419.05,'2025-04-12'),
(4,21,51,245.02,374.61,'2024-10-25'),
(5,4,267,351.79,399.59,'2025-12-09'),
(6,15,6,344.19,552.78,'2026-01-07'),
(7,26,149,438.97,665.68,'2024-11-13'),
(8,18,101,131.62,160.06,'2026-01-10'),
(9,25,227,229.76,400.72,'2025-07-12'),
(10,32,127,412.95,578.03,'2025-05-14'),
(11,34,194,326.58,499.20,'2024-07-19'),
(12,16,NULL,446.84,435.06,'2026-05-04'),
(13,17,226,448.84,400.26,'2026-01-12'),
(14,15,86,165.78,280.93,'2024-11-07'),
(15,14,NULL,200.88,338.76,'2025-04-16'),
(16,29,205,303.80,377.63,'2025-06-01'),
(17,31,215,116.77,188.27,'2024-09-30'),
(18,40,209,219.12,344.11,'2025-11-29'),
(19,25,150,216.86,314.08,'2025-06-03'),
(20,14,10,175.80,295.89,'2025-07-20'),
(21,30,NULL,365.90,456.14,'2025-05-16'),
(22,15,85,346.41,539.74,'2024-09-26'),
(23,27,155,116.31,158.00,'2024-12-21'),
(24,23,NULL,178.15,263.46,'2025-12-28'),
(25,17,107,248.68,289.18,'2025-10-21'),
(26,36,NULL,421.41,513.24,'2024-12-17'),
(27,36,259,42.91,57.98,'2025-08-11'),
(28,25,122,259.60,406.53,'2026-02-01'),
(29,18,158,199.37,291.52,'2024-11-07'),
(30,19,NULL,441.78,568.63,'2024-10-26'),
(31,6,NULL,197.57,292.45,'2025-08-24'),
(32,4,293,383.98,522.84,'2025-03-10'),
(33,6,NULL,33.44,38.15,'2025-10-05'),
(34,6,NULL,102.87,90.50,'2026-05-25'),
(35,28,266,361.23,323.29,'2025-06-26'),
(36,40,281,226.08,194.48,'2024-12-28'),
(37,34,65,403.81,653.65,'2024-10-09'),
(38,12,208,120.30,160.62,'2024-11-14'),
(39,23,14,38.03,43.74,'2026-02-11'),
(40,27,40,354.80,399.94,'2024-09-13'),
(41,40,241,47.55,82.85,'2026-01-09'),
(42,18,145,299.38,423.79,'2026-04-16'),
(43,20,NULL,334.16,350.21,'2024-09-23'),
(44,36,9,52.53,72.43,'2024-12-08'),
(45,5,NULL,200.24,323.48,'2025-10-25'),
(46,5,175,350.16,342.93,'2025-02-22'),
(47,40,209,255.49,264.62,'2025-11-29'),
(48,14,10,288.93,398.79,'2025-07-19'),
(49,14,177,209.85,336.04,'2025-05-18'),
(50,38,NULL,430.75,704.77,'2024-10-09'),
(51,36,224,285.69,264.40,'2025-11-28'),
(52,11,128,282.13,328.04,'2025-09-26'),
(53,36,53,32.58,34.54,'2025-11-08'),
(54,12,137,419.06,555.71,'2024-12-14'),
(55,18,291,46.45,66.12,'2025-03-15'),
(56,6,189,202.21,311.88,'2026-06-04'),
(57,15,284,96.81,82.46,'2025-08-26'),
(58,12,208,194.97,198.93,'2024-11-14'),
(59,27,NULL,403.49,556.02,'2025-09-10'),
(60,31,215,93.56,149.78,'2024-09-30'),
(61,14,NULL,63.15,70.23,'2025-10-24'),
(62,2,204,422.82,650.15,'2025-01-22'),
(63,8,292,234.91,336.06,'2025-08-23'),
(64,12,NULL,359.40,558.12,'2025-05-11'),
(65,34,249,266.17,236.66,'2024-09-11'),
(66,14,NULL,387.60,631.44,'2025-04-25'),
(67,12,137,322.41,398.89,'2024-12-14'),
(68,18,NULL,328.00,348.21,'2025-05-09'),
(69,32,NULL,398.10,627.22,'2026-03-04'),
(70,14,177,119.99,160.28,'2025-05-17'),
(71,27,40,420.01,550.77,'2024-09-12'),
(72,17,52,45.33,47.04,'2024-11-05'),
(73,40,244,380.83,498.62,'2024-09-12'),
(74,8,292,222.72,264.33,'2025-08-25'),
(75,25,NULL,293.48,428.53,'2026-03-24'),
(76,40,209,387.89,636.00,'2025-11-30'),
(77,24,142,52.30,55.14,'2026-05-24'),
(78,8,238,115.95,165.50,'2025-05-19'),
(79,26,NULL,168.23,282.60,'2025-06-05'),
(80,12,30,414.47,408.62,'2025-05-11'),
(81,35,NULL,406.61,454.18,'2026-01-05'),
(82,29,NULL,203.03,227.65,'2025-05-25'),
(83,38,148,215.02,368.59,'2025-10-10'),
(84,36,121,60.98,86.18,'2025-02-18'),
(85,12,82,235.28,294.64,'2024-09-05'),
(86,36,9,155.78,152.47,'2024-12-08'),
(87,28,218,191.97,251.33,'2025-01-23'),
(88,34,264,68.41,108.16,'2024-08-13'),
(89,38,62,351.65,605.45,'2026-06-21'),
(90,8,141,351.92,471.28,'2025-11-07'),
(91,8,4,430.25,732.73,'2026-06-24'),
(92,15,284,106.77,160.60,'2025-08-27'),
(93,38,193,225.84,343.54,'2026-07-03'),
(94,11,288,384.96,471.78,'2024-11-07'),
(95,4,112,380.41,466.74,'2025-12-18'),
(96,16,15,144.45,239.42,'2025-08-09'),
(97,18,101,420.97,446.40,'2026-01-09'),
(98,20,NULL,392.28,491.80,'2025-05-29'),
(99,13,113,42.41,59.17,'2026-05-18'),
(100,38,202,184.74,164.37,'2024-10-22'),
(101,40,92,86.23,142.80,'2026-01-11'),
(102,37,272,173.25,201.41,'2026-04-09'),
(103,29,125,77.52,94.81,'2024-12-12'),
(104,12,137,426.90,568.43,'2024-12-13'),
(105,34,190,440.06,759.37,'2026-03-04'),
(106,24,275,31.44,37.68,'2026-06-09'),
(107,2,214,395.71,575.82,'2025-05-26'),
(108,2,NULL,124.67,160.29,'2025-10-09'),
(109,12,252,53.86,87.46,'2025-06-14'),
(110,21,NULL,87.62,78.65,'2025-09-28'),
(111,28,24,26.22,45.25,'2024-12-08'),
(112,30,NULL,350.68,374.73,'2025-06-10'),
(113,2,139,150.90,131.67,'2025-02-19'),
(114,28,162,344.38,539.59,'2025-01-19'),
(115,21,263,140.89,219.59,'2026-02-11'),
(116,35,NULL,443.92,391.56,'2025-06-25'),
(117,3,262,331.12,531.92,'2025-03-02'),
(118,26,2,421.81,400.64,'2025-02-25'),
(119,18,145,80.21,118.71,'2026-04-16'),
(120,28,212,191.67,193.80,'2025-05-22'),
(121,34,264,90.28,95.38,'2024-08-14'),
(122,40,241,191.22,216.29,'2026-01-10'),
(123,6,NULL,283.53,489.31,'2026-04-01'),
(124,38,NULL,425.58,549.62,'2025-03-10'),
(125,32,35,260.02,345.97,'2025-01-03'),
(126,33,74,39.15,52.23,'2024-11-10'),
(127,3,262,264.97,356.89,'2025-03-01'),
(128,26,20,203.71,264.20,'2025-06-08'),
(129,24,NULL,302.83,455.23,'2025-10-12'),
(130,2,139,285.29,459.69,'2025-02-18'),
(131,26,20,225.61,289.58,'2025-06-09'),
(132,11,NULL,384.20,559.31,'2024-10-22'),
(133,26,115,265.84,351.07,'2024-12-04'),
(134,2,129,302.04,296.24,'2025-12-19'),
(135,23,176,424.87,437.51,'2026-06-07'),
(136,30,NULL,306.79,527.19,'2026-06-25'),
(137,13,NULL,41.79,38.40,'2024-08-11'),
(138,34,246,413.72,411.70,'2026-04-18'),
(139,3,NULL,125.73,209.28,'2026-02-01'),
(140,28,212,382.75,532.32,'2025-05-23'),
(141,34,NULL,294.65,447.93,'2024-11-09'),
(142,26,2,121.03,146.85,'2025-02-25'),
(143,23,213,168.01,187.15,'2025-10-22'),
(144,25,227,41.43,37.52,'2025-07-13'),
(145,40,92,82.38,84.16,'2026-01-12'),
(146,10,232,344.22,294.43,'2025-03-03'),
(147,29,205,54.44,83.11,'2025-06-02'),
(148,1,21,41.24,46.51,'2026-02-23'),
(149,24,43,79.04,89.77,'2025-07-31'),
(150,11,NULL,210.88,256.78,'2025-11-04'),
(151,17,107,30.61,30.93,'2025-10-21'),
(152,8,NULL,33.60,32.82,'2024-07-14'),
(153,8,292,44.48,40.64,'2025-08-23'),
(154,33,NULL,252.23,426.11,'2025-03-06'),
(155,40,153,222.12,276.96,'2025-01-26'),
(156,5,44,167.52,273.86,'2024-09-20'),
(157,33,25,69.87,121.33,'2025-04-28'),
(158,2,222,292.20,465.78,'2025-06-01'),
(159,29,119,396.21,546.33,'2024-12-01'),
(160,33,64,211.32,307.31,'2026-01-03'),
(161,31,NULL,294.12,454.10,'2024-08-10'),
(162,37,161,237.80,302.48,'2025-07-18'),
(163,20,178,432.91,469.68,'2025-04-02'),
(164,20,NULL,384.94,372.12,'2025-05-15'),
(165,4,NULL,155.63,152.92,'2025-10-06'),
(166,24,73,305.97,266.81,'2025-01-01'),
(167,25,34,344.66,404.95,'2025-06-25'),
(168,1,298,309.18,284.36,'2025-09-17'),
(169,25,12,173.04,159.60,'2025-04-05'),
(170,14,104,21.87,26.36,'2026-03-02'),
(171,11,128,229.21,266.60,'2025-09-26'),
(172,32,NULL,276.57,414.22,'2024-07-23'),
(173,14,104,412.95,387.17,'2026-03-02'),
(174,33,64,158.57,197.77,'2026-01-04'),
(175,28,163,144.09,188.13,'2026-03-11'),
(176,22,261,84.27,115.80,'2026-04-30'),
(177,5,NULL,375.91,653.81,'2025-08-16'),
(178,18,223,75.91,104.35,'2025-10-09'),
(179,15,181,132.82,127.42,'2024-11-22'),
(180,32,127,187.94,258.55,'2025-05-13'),
(181,33,71,38.13,41.11,'2024-08-11'),
(182,5,44,184.01,178.18,'2024-09-19'),
(183,21,NULL,218.79,338.76,'2025-04-30'),
(184,34,264,206.83,249.16,'2024-08-13'),
(185,26,149,285.49,275.56,'2024-11-15'),
(186,25,NULL,448.39,388.36,'2026-04-09'),
(187,12,30,21.68,28.48,'2025-05-11'),
(188,23,109,306.21,317.89,'2026-03-30'),
(189,40,123,106.05,127.29,'2026-05-17'),
(190,34,249,137.97,154.55,'2024-09-12'),
(191,40,39,285.87,389.85,'2025-08-30'),
(192,2,139,234.85,294.72,'2025-02-18'),
(193,38,62,437.37,499.58,'2026-06-22'),
(194,2,214,116.41,108.99,'2025-05-28'),
(195,38,62,446.49,480.69,'2026-06-20'),
(196,19,170,163.50,257.42,'2025-04-09'),
(197,2,139,85.67,116.45,'2025-02-19'),
(198,16,147,337.48,525.82,'2025-02-17'),
(199,28,37,72.57,86.78,'2025-06-28'),
(200,16,152,386.45,360.49,'2026-03-28'),
(201,11,221,222.04,284.52,'2026-02-07'),
(202,40,92,38.25,46.23,'2026-01-11'),
(203,19,256,326.82,349.19,'2024-11-29'),
(204,15,284,110.10,176.85,'2025-08-27'),
(205,22,261,193.83,235.62,'2026-04-28'),
(206,29,159,353.78,455.58,'2024-09-13'),
(207,14,104,101.29,120.40,'2026-03-02'),
(208,24,43,38.17,56.86,'2025-08-02'),
(209,20,93,37.08,41.55,'2024-09-07'),
(210,1,298,146.39,188.67,'2025-09-16'),
(211,39,NULL,184.82,273.96,'2025-04-25'),
(212,27,254,200.59,223.75,'2026-05-11'),
(213,23,NULL,105.77,107.12,'2024-07-31'),
(214,21,50,60.55,59.89,'2025-11-21'),
(215,4,267,185.56,248.58,'2025-12-08'),
(216,21,299,256.53,429.73,'2024-07-17'),
(217,28,218,432.56,370.96,'2025-01-23'),
(218,37,NULL,442.37,759.16,'2025-01-02'),
(219,21,219,394.90,559.33,'2024-11-23'),
(220,34,246,67.03,63.77,'2026-04-18'),
(221,12,NULL,405.06,516.55,'2026-04-11'),
(222,21,299,399.70,649.56,'2024-07-17'),
(223,12,137,50.32,81.56,'2024-12-13'),
(224,10,126,352.80,351.15,'2026-06-10'),
(225,4,NULL,219.01,211.58,'2025-07-01'),
(226,16,NULL,150.93,133.92,'2025-04-22'),
(227,12,30,430.25,512.18,'2025-05-10'),
(228,15,284,330.96,372.72,'2025-08-28'),
(229,40,209,345.84,427.57,'2025-11-29'),
(230,3,206,422.76,493.42,'2026-05-20'),
(231,12,208,249.75,360.17,'2024-11-16'),
(232,30,201,25.37,36.62,'2026-05-15'),
(233,1,NULL,266.74,337.68,'2025-02-25'),
(234,28,37,79.31,80.57,'2025-06-28'),
(235,7,NULL,241.66,264.66,'2025-02-06'),
(236,17,107,303.20,528.58,'2025-10-21'),
(237,12,42,422.81,420.76,'2025-11-20'),
(238,28,163,41.18,57.33,'2026-03-10'),
(239,10,124,369.26,525.23,'2025-01-13'),
(240,23,213,84.19,97.27,'2025-10-23'),
(241,12,60,284.85,329.10,'2025-05-30'),
(242,4,112,29.52,32.09,'2025-12-18'),
(243,20,45,112.46,156.38,'2025-03-25'),
(244,36,143,327.66,439.45,'2025-03-05'),
(245,25,12,240.73,302.08,'2025-04-06'),
(246,12,NULL,196.76,319.62,'2024-10-20'),
(247,33,NULL,413.24,440.43,'2025-08-28'),
(248,14,97,371.53,398.08,'2024-09-17'),
(249,20,117,274.99,259.08,'2025-05-18'),
(250,24,172,96.79,93.24,'2026-05-21'),
(251,37,161,373.85,325.60,'2025-07-20'),
(252,24,142,156.74,140.38,'2026-05-24'),
(253,18,248,291.64,492.43,'2025-12-14'),
(254,20,117,66.08,94.14,'2025-05-18'),
(255,14,103,130.84,194.53,'2024-12-16'),
(256,28,37,306.27,265.38,'2025-06-28'),
(257,6,189,293.87,304.03,'2026-06-04'),
(258,15,86,37.84,49.54,'2024-11-06'),
(259,4,33,172.11,258.93,'2025-01-15'),
(260,22,265,36.22,62.54,'2026-05-21'),
(261,3,180,148.78,251.97,'2025-06-05'),
(262,36,143,338.43,550.06,'2025-03-07'),
(263,16,152,256.39,352.88,'2026-03-29'),
(264,24,NULL,202.68,249.62,'2024-10-21'),
(265,15,NULL,62.26,81.89,'2024-10-22'),
(266,34,264,64.08,77.60,'2024-08-13'),
(267,18,NULL,102.30,149.56,'2024-10-25'),
(268,25,203,181.57,237.04,'2026-04-19'),
(269,36,9,230.11,250.06,'2024-12-07'),
(270,6,NULL,89.71,153.80,'2024-12-31'),
(271,25,122,386.33,388.89,'2026-02-01'),
(272,37,NULL,69.59,111.51,'2026-04-25'),
(273,14,10,143.89,141.19,'2025-07-19'),
(274,20,184,101.81,117.17,'2024-10-28'),
(275,5,175,321.08,284.24,'2025-02-22'),
(276,13,NULL,95.81,138.19,'2024-12-03'),
(277,11,239,160.29,218.22,'2025-09-17'),
(278,21,105,343.97,505.46,'2026-02-27'),
(279,33,NULL,150.40,200.83,'2024-08-02'),
(280,20,178,77.97,128.10,'2025-04-03'),
(281,12,300,500.00,15000.00,'2026-07-13'),
(282,1,NULL,750.00,100.00,'2026-07-14'),
(283,1,25,500.00,205.00,'2026-07-12');
/*!40000 ALTER TABLE `fuel_logs` ENABLE KEYS */;
UNLOCK TABLES;
COMMIT;
SET AUTOCOMMIT=@OLD_AUTOCOMMIT;

--
-- Table structure for table `maintenance_logs`
--

DROP TABLE IF EXISTS `maintenance_logs`;
/*!40101 SET @saved_cs_client     = @@character_set_client */;
/*!40101 SET character_set_client = utf8mb4 */;
CREATE TABLE `maintenance_logs` (
  `id` int(11) NOT NULL AUTO_INCREMENT,
  `vehicle_id` int(11) NOT NULL,
  `description` text NOT NULL,
  `cost` decimal(10,2) DEFAULT 0.00,
  `status` enum('Active','Closed') DEFAULT 'Active',
  `start_date` date NOT NULL,
  `end_date` date DEFAULT NULL,
  `created_at` timestamp NULL DEFAULT current_timestamp(),
  PRIMARY KEY (`id`),
  KEY `vehicle_id` (`vehicle_id`),
  CONSTRAINT `maintenance_logs_ibfk_1` FOREIGN KEY (`vehicle_id`) REFERENCES `vehicles` (`id`)
) ENGINE=InnoDB AUTO_INCREMENT=132 DEFAULT CHARSET=utf8mb4 COLLATE=utf8mb4_uca1400_ai_ci;
/*!40101 SET character_set_client = @saved_cs_client */;

--
-- Dumping data for table `maintenance_logs`
--

SET @OLD_AUTOCOMMIT=@@AUTOCOMMIT, @@AUTOCOMMIT=0;
LOCK TABLES `maintenance_logs` WRITE;
/*!40000 ALTER TABLE `maintenance_logs` DISABLE KEYS */;
INSERT INTO `maintenance_logs` VALUES
(1,39,'Full engine diagnostic and tune-up',2326.72,'Closed','2026-05-22','2026-05-30','2026-05-22 01:30:00'),
(2,29,'Tire rotation and wheel alignment',1572.15,'Closed','2025-06-26','2025-07-05','2025-06-26 04:30:00'),
(3,27,'Wheel bearing replacement',1819.56,'Closed','2026-06-05','2026-06-17','2026-06-05 05:30:00'),
(4,9,'Coolant system flush',4529.13,'Closed','2026-01-25','2026-02-08','2026-01-25 08:30:00'),
(5,7,'Full engine diagnostic and tune-up',1601.51,'Closed','2025-06-12','2025-06-19','2025-06-12 08:30:00'),
(6,35,'Exhaust system repair',1451.01,'Closed','2025-05-13','2025-05-24','2025-05-13 10:30:00'),
(7,37,'Battery inspection and replacement',350.59,'Closed','2024-07-11','2024-07-24','2024-07-11 12:30:00'),
(8,29,'Brake fluid replacement',4236.72,'Closed','2025-05-07','2025-05-21','2025-05-07 00:30:00'),
(9,4,'Routine oil change and filter replacement',4466.27,'Closed','2024-12-28','2025-01-01','2024-12-28 13:30:00'),
(10,6,'Tire rotation and wheel alignment',1181.77,'Active','2025-04-08',NULL,'2025-04-08 14:30:00'),
(11,40,'Coolant system flush',5123.59,'Active','2026-03-17',NULL,'2026-03-17 11:30:00'),
(12,34,'Annual DOT safety and emissions inspection',2984.94,'Closed','2025-09-27','2025-10-08','2025-09-27 10:30:00'),
(13,4,'Air conditioning system service',5831.46,'Closed','2026-05-16','2026-05-20','2026-05-16 03:30:00'),
(14,7,'Tire rotation and wheel alignment',231.96,'Closed','2026-01-12','2026-01-19','2026-01-12 13:30:00'),
(15,33,'Battery inspection and replacement',223.35,'Closed','2026-03-13','2026-03-18','2026-03-13 07:30:00'),
(16,22,'Suspension and shock absorber repair',2157.43,'Closed','2024-09-26','2024-10-04','2024-09-26 10:30:00'),
(17,11,'Windshield wiper and headlight replacement',3168.60,'Closed','2025-07-13','2025-07-24','2025-07-13 04:30:00'),
(18,37,'Annual DOT safety and emissions inspection',957.50,'Active','2026-02-19',NULL,'2026-02-19 03:30:00'),
(19,25,'Windshield wiper and headlight replacement',2826.04,'Closed','2026-01-18','2026-01-28','2026-01-18 03:30:00'),
(20,33,'Coolant system flush',5081.98,'Active','2026-02-17',NULL,'2026-02-17 06:30:00'),
(21,30,'Scheduled 50,000-mile service',4337.53,'Closed','2025-05-13','2025-05-24','2025-05-13 03:30:00'),
(22,3,'Brake pad and rotor replacement',5669.65,'Closed','2024-10-11','2024-10-18','2024-10-11 08:30:00'),
(23,26,'Tire rotation and wheel alignment',4764.28,'Active','2025-07-19',NULL,'2025-07-19 11:30:00'),
(24,26,'Brake fluid replacement',2358.67,'Closed','2025-08-21','2025-08-23','2025-08-21 05:30:00'),
(25,3,'Battery inspection and replacement',5864.10,'Closed','2026-01-07','2026-01-11','2026-01-07 05:30:00'),
(26,3,'Scheduled 50,000-mile service',1862.26,'Closed','2025-03-31','2025-04-10','2025-03-31 04:30:00'),
(27,33,'Tire rotation and wheel alignment',4759.50,'Closed','2026-04-14','2026-04-26','2026-04-14 08:30:00'),
(28,37,'Exhaust system repair',4154.47,'Active','2026-03-30',NULL,'2026-03-30 09:30:00'),
(29,1,'Full engine diagnostic and tune-up',5765.89,'Closed','2025-12-28','2026-01-10','2025-12-28 01:30:00'),
(30,1,'Transmission fluid service',3117.81,'Closed','2025-12-26','2026-01-04','2025-12-26 07:30:00'),
(31,12,'Annual DOT safety and emissions inspection',1184.86,'Closed','2026-06-19','2026-06-29','2026-06-19 12:30:00'),
(32,19,'Brake pad and rotor replacement',3388.14,'Closed','2024-09-14','2024-09-25','2024-09-14 07:30:00'),
(33,4,'Battery inspection and replacement',3375.33,'Closed','2025-03-18','2025-03-25','2025-03-18 00:30:00'),
(34,7,'Routine oil change and filter replacement',3487.65,'Closed','2025-05-23','2025-05-28','2025-05-23 11:30:00'),
(35,29,'Transmission fluid service',2770.91,'Active','2025-05-09',NULL,'2025-05-09 02:30:00'),
(36,19,'Wheel bearing replacement',3577.17,'Closed','2025-11-07','2025-11-09','2025-11-07 14:30:00'),
(37,6,'Air conditioning system service',5668.95,'Closed','2025-05-21','2025-05-28','2025-05-21 06:30:00'),
(38,23,'Tire rotation and wheel alignment',4217.96,'Closed','2025-04-06','2025-04-16','2025-04-06 07:30:00'),
(39,32,'Exhaust system repair',3661.52,'Closed','2024-07-31','2024-08-12','2024-07-31 14:30:00'),
(40,27,'Suspension and shock absorber repair',2824.70,'Closed','2024-08-14','2024-08-27','2024-08-14 03:30:00'),
(41,38,'Tire rotation and wheel alignment',410.47,'Closed','2025-06-25','2025-06-29','2025-06-25 04:30:00'),
(42,1,'Brake fluid replacement',1085.74,'Closed','2025-02-26','2025-03-06','2025-02-26 04:30:00'),
(43,35,'Scheduled 50,000-mile service',4939.73,'Closed','2024-12-23','2024-12-25','2024-12-23 08:30:00'),
(44,6,'Annual DOT safety and emissions inspection',1042.69,'Closed','2024-07-25','2024-07-28','2024-07-25 03:30:00'),
(45,27,'Wheel bearing replacement',3973.31,'Closed','2024-09-04','2024-09-10','2024-09-04 13:30:00'),
(46,36,'Battery inspection and replacement',4475.91,'Closed','2024-11-16','2024-11-23','2024-11-16 13:30:00'),
(47,1,'Windshield wiper and headlight replacement',1416.31,'Closed','2025-06-16','2025-06-28','2025-06-16 10:30:00'),
(48,19,'Full engine diagnostic and tune-up',3764.80,'Active','2024-12-23',NULL,'2024-12-23 00:30:00'),
(49,28,'Routine oil change and filter replacement',1077.80,'Closed','2025-06-05','2025-06-14','2025-06-05 12:30:00'),
(50,39,'Air conditioning system service',2659.72,'Active','2025-12-23',NULL,'2025-12-23 11:30:00'),
(51,28,'Battery inspection and replacement',2429.47,'Closed','2024-09-03','2024-09-06','2024-09-03 03:30:00'),
(52,37,'Scheduled 50,000-mile service',3368.13,'Closed','2025-10-03','2025-10-15','2025-10-03 04:30:00'),
(53,8,'Routine oil change and filter replacement',1788.59,'Closed','2026-01-03','2026-01-08','2026-01-03 08:30:00'),
(54,4,'Battery inspection and replacement',2161.80,'Closed','2026-04-19','2026-04-21','2026-04-19 10:30:00'),
(55,33,'Routine oil change and filter replacement',371.58,'Closed','2026-06-22','2026-07-04','2026-06-22 04:30:00'),
(56,22,'Wheel bearing replacement',1712.40,'Closed','2024-11-21','2024-11-25','2024-11-21 12:30:00'),
(57,32,'Brake pad and rotor replacement',1406.97,'Closed','2024-08-11','2024-08-24','2024-08-11 06:30:00'),
(58,31,'Coolant system flush',2500.96,'Active','2025-10-18',NULL,'2025-10-18 06:30:00'),
(59,15,'Brake fluid replacement',528.07,'Closed','2025-08-04','2025-08-13','2025-08-04 08:30:00'),
(60,26,'Scheduled 50,000-mile service',3735.45,'Closed','2026-04-20','2026-04-24','2026-04-20 00:30:00'),
(61,10,'Battery inspection and replacement',5099.20,'Closed','2025-09-10','2025-09-16','2025-09-10 14:30:00'),
(62,7,'Battery inspection and replacement',5963.42,'Closed','2026-02-19','2026-02-23','2026-02-19 00:30:00'),
(63,17,'Brake fluid replacement',2071.23,'Closed','2024-07-18','2024-07-23','2024-07-18 11:30:00'),
(64,6,'Transmission fluid service',5602.55,'Closed','2025-06-12','2025-06-13','2025-06-12 11:30:00'),
(65,10,'Coolant system flush',5002.83,'Closed','2024-11-30','2024-12-14','2024-11-30 05:30:00'),
(66,40,'Full engine diagnostic and tune-up',3288.70,'Closed','2024-11-17','2024-11-18','2024-11-17 11:30:00'),
(67,12,'Full engine diagnostic and tune-up',5106.47,'Closed','2024-08-31','2024-09-02','2024-08-31 03:30:00'),
(68,15,'Scheduled 50,000-mile service',4402.31,'Active','2026-05-19',NULL,'2026-05-19 02:30:00'),
(69,1,'Coolant system flush',1330.41,'Closed','2025-04-17','2025-05-01','2025-04-17 00:30:00'),
(70,40,'Wheel bearing replacement',636.56,'Closed','2026-02-01','2026-02-13','2026-02-01 03:30:00'),
(71,23,'Coolant system flush',3599.39,'Active','2026-01-16',NULL,'2026-01-16 10:30:00'),
(72,21,'Tire rotation and wheel alignment',3580.52,'Closed','2026-02-09','2026-02-14','2026-02-09 04:30:00'),
(73,18,'Full engine diagnostic and tune-up',1352.43,'Closed','2025-02-12','2025-02-18','2025-02-12 11:30:00'),
(74,25,'Scheduled 50,000-mile service',1732.89,'Active','2026-01-11',NULL,'2026-01-11 09:30:00'),
(75,34,'Air conditioning system service',378.91,'Closed','2025-06-01','2025-06-02','2025-06-01 13:30:00'),
(76,28,'Air conditioning system service',2165.72,'Closed','2026-05-11','2026-05-25','2026-05-11 03:30:00'),
(77,20,'Annual DOT safety and emissions inspection',3119.36,'Closed','2025-11-10','2025-11-15','2025-11-10 05:30:00'),
(78,11,'Brake pad and rotor replacement',5425.06,'Active','2026-04-14',NULL,'2026-04-14 09:30:00'),
(79,10,'Transmission fluid service',2630.29,'Closed','2026-05-24','2026-06-05','2026-05-24 14:30:00'),
(80,17,'Coolant system flush',4867.88,'Closed','2025-03-23','2025-04-06','2025-03-23 10:30:00'),
(81,24,'Suspension and shock absorber repair',376.42,'Closed','2025-03-23','2025-03-31','2025-03-23 08:30:00'),
(82,27,'Brake pad and rotor replacement',1815.46,'Active','2024-07-13',NULL,'2024-07-13 08:30:00'),
(83,12,'Full engine diagnostic and tune-up',2202.64,'Closed','2026-02-27','2026-03-01','2026-02-27 05:30:00'),
(84,19,'Exhaust system repair',4646.21,'Active','2025-09-26',NULL,'2025-09-26 01:30:00'),
(85,9,'Exhaust system repair',5759.87,'Closed','2024-11-05','2024-11-13','2024-11-05 08:30:00'),
(86,15,'Brake pad and rotor replacement',1135.62,'Closed','2025-09-29','2025-09-30','2025-09-29 07:30:00'),
(87,33,'Routine oil change and filter replacement',3457.64,'Active','2026-05-17',NULL,'2026-05-17 02:30:00'),
(88,5,'Coolant system flush',2775.17,'Closed','2026-05-04','2026-05-15','2026-05-04 03:30:00'),
(89,40,'Full engine diagnostic and tune-up',1327.00,'Closed','2026-06-20','2026-07-02','2026-06-20 02:30:00'),
(90,36,'Coolant system flush',5090.90,'Closed','2025-03-09','2025-03-12','2025-03-09 02:30:00'),
(91,11,'Exhaust system repair',5072.85,'Closed','2025-01-06','2025-01-20','2025-01-06 05:30:00'),
(92,2,'Brake fluid replacement',2997.77,'Closed','2024-07-13','2024-07-24','2024-07-13 01:30:00'),
(93,3,'Wheel bearing replacement',858.46,'Closed','2024-10-21','2024-10-29','2024-10-21 10:30:00'),
(94,18,'Air conditioning system service',266.44,'Closed','2025-01-11','2025-01-12','2025-01-11 03:30:00'),
(95,40,'Brake pad and rotor replacement',4569.77,'Closed','2025-10-02','2025-10-11','2025-10-02 04:30:00'),
(96,12,'Brake pad and rotor replacement',2891.85,'Active','2024-07-15',NULL,'2024-07-15 12:30:00'),
(97,17,'Air conditioning system service',4697.89,'Closed','2026-05-07','2026-05-09','2026-05-07 01:30:00'),
(98,22,'Full engine diagnostic and tune-up',1395.19,'Active','2025-10-18',NULL,'2025-10-18 09:30:00'),
(99,29,'Wheel bearing replacement',5763.01,'Closed','2026-03-16','2026-03-26','2026-03-16 10:30:00'),
(100,1,'Windshield wiper and headlight replacement',1667.50,'Closed','2025-01-30','2025-02-01','2025-01-30 08:30:00'),
(101,12,'Air conditioning system service',3947.95,'Active','2025-07-20',NULL,'2025-07-20 05:30:00'),
(102,39,'Brake fluid replacement',107.93,'Closed','2026-04-26','2026-04-29','2026-04-26 07:30:00'),
(103,36,'Battery inspection and replacement',3479.25,'Active','2024-09-27',NULL,'2024-09-27 08:30:00'),
(104,24,'Annual DOT safety and emissions inspection',3017.14,'Closed','2024-09-04','2024-09-13','2024-09-04 07:30:00'),
(105,23,'Brake fluid replacement',490.84,'Closed','2024-10-26','2024-10-28','2024-10-26 12:30:00'),
(106,15,'Routine oil change and filter replacement',4224.78,'Closed','2024-12-03','2024-12-07','2024-12-03 09:30:00'),
(107,38,'Battery inspection and replacement',1359.60,'Closed','2024-11-15','2024-11-25','2024-11-15 13:30:00'),
(108,40,'Scheduled 50,000-mile service',347.26,'Closed','2024-08-02','2024-08-09','2024-08-02 00:30:00'),
(109,28,'Scheduled 50,000-mile service',3553.44,'Closed','2024-10-31','2024-11-12','2024-10-31 14:30:00'),
(110,18,'Battery inspection and replacement',4201.09,'Closed','2025-05-22','2025-06-01','2025-05-22 01:30:00'),
(111,22,'Annual DOT safety and emissions inspection',2822.22,'Closed','2025-02-25','2025-03-03','2025-02-25 11:30:00'),
(112,12,'Suspension and shock absorber repair',5377.23,'Closed','2025-05-26','2025-06-07','2025-05-26 14:30:00'),
(113,13,'Windshield wiper and headlight replacement',5670.80,'Active','2025-07-05',NULL,'2025-07-05 02:30:00'),
(114,13,'Brake fluid replacement',522.25,'Closed','2025-11-29','2025-12-02','2025-11-29 09:30:00'),
(115,40,'Full engine diagnostic and tune-up',2739.01,'Closed','2025-08-29','2025-08-31','2025-08-29 04:30:00'),
(116,4,'Exhaust system repair',2553.39,'Closed','2026-06-06','2026-06-11','2026-06-06 14:30:00'),
(117,16,'Full engine diagnostic and tune-up',1278.98,'Closed','2026-05-18','2026-05-20','2026-05-18 00:30:00'),
(118,12,'Suspension and shock absorber repair',2660.44,'Closed','2026-04-15','2026-04-29','2026-04-15 02:30:00'),
(119,13,'Windshield wiper and headlight replacement',2208.67,'Closed','2025-07-19','2025-07-26','2025-07-19 01:30:00'),
(120,34,'Brake fluid replacement',3363.54,'Closed','2025-01-01','2025-01-10','2025-01-01 00:30:00'),
(121,13,'Routine oil change and filter replacement',1158.20,'Closed','2025-05-30','2025-06-05','2025-05-30 03:30:00'),
(122,28,'Coolant system flush',4928.39,'Closed','2025-06-28','2025-07-09','2025-06-28 07:30:00'),
(123,8,'Wheel bearing replacement',252.16,'Closed','2025-07-13','2025-07-22','2025-07-13 10:30:00'),
(124,14,'Annual DOT safety and emissions inspection',1545.88,'Closed','2026-05-14','2026-05-16','2026-05-14 10:30:00'),
(125,16,'Brake pad and rotor replacement',5124.98,'Active','2025-11-03',NULL,'2025-11-03 09:30:00'),
(126,10,'Air conditioning system service',535.53,'Closed','2026-05-12','2026-05-18','2026-05-12 04:30:00'),
(127,5,'Full engine diagnostic and tune-up',3450.95,'Closed','2024-10-27','2024-10-30','2024-10-27 08:30:00'),
(128,2,'Full engine diagnostic and tune-up',1994.25,'Active','2025-10-12',NULL,'2025-10-12 09:30:00'),
(129,6,'Air conditioning system service',5973.51,'Closed','2025-01-16','2025-01-23','2025-01-16 10:30:00'),
(130,25,'Annual DOT safety and emissions inspection',2650.40,'Closed','2024-07-24','2024-07-30','2024-07-24 08:30:00'),
(131,2,'Tyre Change',560.00,'Closed','2026-07-12','2026-07-13','2026-07-13 06:15:29');
/*!40000 ALTER TABLE `maintenance_logs` ENABLE KEYS */;
UNLOCK TABLES;
COMMIT;
SET AUTOCOMMIT=@OLD_AUTOCOMMIT;

--
-- Table structure for table `trips`
--

DROP TABLE IF EXISTS `trips`;
/*!40101 SET @saved_cs_client     = @@character_set_client */;
/*!40101 SET character_set_client = utf8mb4 */;
CREATE TABLE `trips` (
  `id` int(11) NOT NULL AUTO_INCREMENT,
  `vehicle_id` int(11) NOT NULL,
  `driver_id` int(11) NOT NULL,
  `source` varchar(255) NOT NULL,
  `destination` varchar(255) NOT NULL,
  `cargo_weight` decimal(10,2) NOT NULL,
  `planned_distance` decimal(10,2) NOT NULL,
  `actual_distance` decimal(10,2) DEFAULT NULL,
  `fuel_consumed` decimal(10,2) DEFAULT NULL,
  `revenue` decimal(12,2) DEFAULT 0.00,
  `status` enum('Draft','Dispatched','Completed','Cancelled') DEFAULT 'Draft',
  `created_at` timestamp NULL DEFAULT current_timestamp(),
  `completed_at` timestamp NULL DEFAULT NULL,
  PRIMARY KEY (`id`),
  KEY `vehicle_id` (`vehicle_id`),
  KEY `driver_id` (`driver_id`),
  CONSTRAINT `trips_ibfk_1` FOREIGN KEY (`vehicle_id`) REFERENCES `vehicles` (`id`),
  CONSTRAINT `trips_ibfk_2` FOREIGN KEY (`driver_id`) REFERENCES `drivers` (`id`)
) ENGINE=InnoDB AUTO_INCREMENT=302 DEFAULT CHARSET=utf8mb4 COLLATE=utf8mb4_uca1400_ai_ci;
/*!40101 SET character_set_client = @saved_cs_client */;

--
-- Dumping data for table `trips`
--

SET @OLD_AUTOCOMMIT=@@AUTOCOMMIT, @@AUTOCOMMIT=0;
LOCK TABLES `trips` WRITE;
/*!40000 ALTER TABLE `trips` DISABLE KEYS */;
INSERT INTO `trips` VALUES
(1,20,21,'Port Vickieburgh','West Paul',5547.55,1172.23,NULL,NULL,3297.80,'Dispatched','2025-03-04 08:47:26',NULL),
(2,26,24,'Reedshire','North Kevinside',5739.55,1409.86,NULL,NULL,0.00,'Cancelled','2025-02-24 16:29:36',NULL),
(3,22,18,'Luisview','Kaitlynhaven',22593.62,1955.70,NULL,NULL,0.00,'Draft','2025-07-10 20:01:35',NULL),
(4,8,23,'East Loganmouth','Ashleymouth',5892.30,1743.30,NULL,NULL,0.00,'Cancelled','2026-06-23 08:23:23',NULL),
(5,9,18,'Gibsonstad','Ochoaland',4235.66,1498.62,1505.27,546.24,9747.86,'Completed','2026-05-12 20:26:01','2026-05-15 19:26:01'),
(6,15,20,'East Brandonfort','Kristenshire',7820.83,132.86,125.95,36.90,892.51,'Completed','2026-01-05 06:03:14','2026-01-07 16:03:14'),
(7,35,18,'Vickistad','Parkermouth',4273.87,586.91,NULL,NULL,0.00,'Cancelled','2025-08-02 09:46:30',NULL),
(8,7,24,'North Eddie','New Dennis',1538.57,2150.78,NULL,NULL,0.00,'Draft','2024-10-01 17:53:36',NULL),
(9,36,33,'Crosbyton','New Erinville',8637.54,81.45,83.83,23.57,1820.76,'Completed','2024-12-07 06:41:47','2024-12-10 11:41:47'),
(10,14,31,'Lake Ashleyland','Port Melissaburgh',7866.36,1868.38,1984.55,559.55,11769.32,'Completed','2025-07-18 09:41:38','2025-07-20 12:41:38'),
(11,39,10,'Johnsonstad','Pageport',3677.29,1472.13,1496.55,376.59,9634.39,'Completed','2024-12-18 14:31:05','2024-12-18 18:31:05'),
(12,25,7,'New Tristan','South Shannon',2373.32,1717.59,1696.23,740.75,7367.39,'Completed','2025-04-04 13:28:11','2025-04-06 20:28:11'),
(13,7,31,'Port Timothy','Port Maryview',2622.85,1426.69,1497.95,623.68,4694.28,'Completed','2025-05-03 17:30:28','2025-05-06 23:30:28'),
(14,23,18,'Lake Amandafurt','Joneshaven',16983.14,1256.57,1227.70,423.29,7281.98,'Completed','2026-02-10 06:33:23','2026-02-14 02:33:23'),
(15,16,7,'Williamsmouth','East Susantown',3227.38,796.61,831.90,360.44,3850.91,'Completed','2025-08-08 16:29:18','2025-08-10 11:29:18'),
(16,17,4,'Williammouth','Aliciaside',5741.54,921.63,959.07,305.22,3993.81,'Completed','2026-05-25 10:42:34','2026-05-29 06:42:34'),
(17,10,4,'Morrisonshire','Shaunberg',1576.27,263.00,264.81,99.35,1561.90,'Completed','2025-07-14 15:44:45','2025-07-16 13:44:45'),
(18,38,2,'New Kendra','West Dana',3449.02,472.13,506.36,166.82,1714.68,'Completed','2026-07-04 08:00:18','2026-07-05 16:00:18'),
(19,22,16,'West Robertport','North Saratown',12294.39,1022.95,1021.74,413.43,7801.83,'Completed','2025-04-16 08:54:01','2025-04-20 07:54:01'),
(20,26,35,'Nelsonstad','Mackfurt',6136.02,1081.89,NULL,NULL,3246.60,'Dispatched','2025-06-08 05:01:20',NULL),
(21,1,25,'South Michaelchester','North Wanda',9624.06,1760.83,1885.17,644.27,10734.55,'Completed','2026-02-23 05:16:14','2026-02-25 08:16:14'),
(22,19,10,'Michaelashire','Stefaniechester',1286.07,1161.26,NULL,NULL,4085.72,'Dispatched','2025-01-15 04:49:10',NULL),
(23,30,26,'Jodiview','Rogersfort',16838.25,1554.73,1487.16,578.66,8742.71,'Completed','2024-12-15 08:34:17','2024-12-15 11:34:17'),
(24,28,11,'Averyfurt','Davisberg',1757.02,763.31,796.90,348.31,2686.57,'Completed','2024-12-08 13:59:28','2024-12-09 12:59:28'),
(25,33,14,'East Jessica','West Ericville',13873.81,1750.77,1813.69,707.45,11432.92,'Completed','2025-04-27 18:52:37','2025-05-01 13:52:37'),
(26,5,16,'Port Aaron','Salazarton',3627.23,1030.91,956.41,256.26,5664.26,'Completed','2025-08-15 02:19:52','2025-08-15 17:19:52'),
(27,34,16,'Reedville','Conleyville',3441.04,60.56,60.23,23.77,976.57,'Completed','2026-07-04 18:22:24','2026-07-05 18:22:24'),
(28,21,35,'Haroldton','Lake Dawn',2837.81,2182.70,2201.50,858.09,9081.14,'Completed','2026-04-02 05:55:27','2026-04-06 01:55:27'),
(29,18,24,'Lake Sethhaven','Steinville',545.96,581.90,NULL,NULL,0.00,'Cancelled','2025-09-25 03:42:17',NULL),
(30,12,6,'Rodriguezfurt','East Abigail',5387.58,749.41,720.03,230.32,3848.86,'Completed','2025-05-10 11:32:51','2025-05-12 01:32:51'),
(31,9,17,'Mistyside','Port Katherine',3996.65,168.95,NULL,NULL,840.31,'Dispatched','2025-03-13 17:10:00',NULL),
(32,35,28,'Garciastad','Brianmouth',4510.28,539.03,535.62,210.13,2973.73,'Completed','2025-02-14 16:07:40','2025-02-15 05:07:40'),
(33,4,2,'East Williamview','South Eddie',11333.50,851.04,863.43,238.16,6130.85,'Completed','2025-01-14 00:50:42','2025-01-16 23:50:42'),
(34,25,9,'Hoffmanton','South Joseph',3671.82,1460.94,1427.48,596.29,5655.66,'Completed','2025-06-25 15:27:05','2025-06-26 22:27:05'),
(35,32,35,'Josephborough','Richardsonfort',854.51,1138.71,1176.13,299.18,5667.53,'Completed','2025-01-03 09:21:05','2025-01-06 19:21:05'),
(36,29,17,'New Katherine','Nicholston',6159.10,128.76,121.75,33.66,1157.11,'Completed','2025-07-12 22:24:28','2025-07-16 09:24:28'),
(37,28,16,'Lake Kathleen','West Cindy',2547.95,1116.75,1190.39,532.27,6725.70,'Completed','2025-06-25 19:59:05','2025-06-27 01:59:05'),
(38,34,9,'East Paigeview','North Cynthia',2965.11,1278.69,1323.23,544.81,5493.01,'Completed','2026-03-06 02:21:26','2026-03-09 05:21:26'),
(39,40,15,'New Georgeville','New James',9555.28,1409.98,1505.04,527.63,10562.81,'Completed','2025-08-28 03:48:08','2025-08-30 10:48:08'),
(40,27,26,'Roberttown','Port Kevinbury',19606.61,228.54,215.00,77.81,3677.31,'Completed','2024-09-11 06:16:55','2024-09-13 19:16:55'),
(41,26,35,'West Erin','Josephhaven',5762.64,749.71,698.98,279.05,4825.92,'Completed','2025-04-13 08:43:24','2025-04-15 17:43:24'),
(42,12,33,'West Michaelville','Rachelberg',13434.63,1128.80,NULL,NULL,3711.83,'Dispatched','2025-11-18 16:57:39',NULL),
(43,24,5,'West Chrisville','Loganview',1573.86,128.18,130.45,55.87,777.40,'Completed','2025-07-31 14:09:41','2025-08-02 05:09:41'),
(44,5,26,'Anthonyberg','Watsonbury',3331.47,888.88,NULL,NULL,4257.53,'Dispatched','2024-09-18 00:21:35',NULL),
(45,20,26,'Joshuahaven','Susanville',12577.97,784.54,727.94,319.95,3219.63,'Completed','2025-03-24 19:27:48','2025-03-27 11:27:48'),
(46,21,10,'New Sara','Richardshire',3439.54,1229.31,1143.92,424.89,5801.84,'Completed','2025-10-05 16:58:16','2025-10-07 17:58:16'),
(47,2,8,'Elliottside','Turnerbury',3644.55,1172.07,NULL,NULL,0.00,'Draft','2025-10-14 11:48:21',NULL),
(48,22,22,'North Carol','East Johnchester',3073.66,1654.38,NULL,NULL,0.00,'Cancelled','2025-01-27 05:46:59',NULL),
(49,24,5,'West Amberhaven','Thomasfurt',9710.59,1401.07,1389.01,486.18,4241.38,'Completed','2025-12-08 19:24:18','2025-12-11 19:24:18'),
(50,21,24,'Cesarside','Amyhaven',805.03,1972.78,NULL,NULL,5783.30,'Dispatched','2025-11-21 04:00:32',NULL),
(51,21,33,'New Kyleberg','North Robin',1404.78,801.67,770.86,249.53,2410.83,'Completed','2024-10-22 22:24:09','2024-10-26 20:24:09'),
(52,17,26,'South Mckenzie','Michaelport',8917.19,1268.69,1182.40,335.89,5886.41,'Completed','2024-11-04 21:28:27','2024-11-06 10:28:27'),
(53,36,17,'Whitakerfurt','New Dustinport',17158.42,230.93,NULL,NULL,620.85,'Dispatched','2025-11-08 07:13:37',NULL),
(54,33,20,'New Stephanieberg','Burgessville',4174.75,1786.59,1799.07,647.92,11829.37,'Completed','2025-06-10 15:57:48','2025-06-12 13:57:48'),
(55,9,3,'Georgechester','Sarahchester',4969.82,810.21,749.11,234.54,5178.51,'Completed','2025-05-02 20:59:37','2025-05-03 19:59:37'),
(56,38,34,'Brownfort','Lake Janettown',1432.79,2141.11,2009.14,554.54,9915.15,'Completed','2026-02-21 20:45:15','2026-02-25 02:45:15'),
(57,30,13,'New Donaldhaven','Andreashire',10564.93,804.45,859.42,320.48,4724.39,'Completed','2026-05-03 04:43:33','2026-05-05 04:43:33'),
(58,1,1,'Leahbury','North Anna',4593.56,85.50,NULL,NULL,0.00,'Cancelled','2025-03-28 16:49:18',NULL),
(59,36,3,'North Kimberly','Robertstad',4033.33,1685.90,NULL,NULL,0.00,'Draft','2025-01-11 23:35:01',NULL),
(60,12,3,'New Ryanfurt','Kellymouth',11761.21,452.55,NULL,NULL,0.00,'Cancelled','2025-05-28 05:15:22',NULL),
(61,16,32,'Lake Chelsea','North Matthew',12628.12,724.90,675.43,249.14,4990.64,'Completed','2024-10-02 06:47:53','2024-10-03 09:47:53'),
(62,38,28,'New Dawn','Klineville',2779.09,809.20,864.88,330.24,4709.89,'Completed','2026-06-20 06:56:26','2026-06-23 10:56:26'),
(63,28,22,'South Phyllisfurt','South Jennifer',1537.02,1428.54,1431.79,499.50,6995.67,'Completed','2024-09-22 06:05:59','2024-09-25 14:05:59'),
(64,33,31,'Theresamouth','Port Erica',13468.75,1628.37,1698.20,629.60,11529.09,'Completed','2026-01-02 14:11:17','2026-01-03 14:11:17'),
(65,34,20,'Travisborough','Alexanderside',2547.80,1775.46,1707.04,532.68,10243.61,'Completed','2024-10-07 07:15:18','2024-10-10 15:15:18'),
(66,30,23,'Mcintoshberg','North Nicholas',15098.01,985.48,NULL,NULL,6111.96,'Dispatched','2024-09-28 23:49:55',NULL),
(67,10,25,'Lake Charlesburgh','Mirandahaven',561.49,133.54,141.48,61.28,825.80,'Completed','2026-02-11 11:08:06','2026-02-12 22:08:06'),
(68,20,25,'Samanthaberg','West Andrewfurt',8215.68,753.88,NULL,NULL,0.00,'Draft','2026-02-20 21:48:13',NULL),
(69,4,14,'New Heather','New Lindachester',11177.40,733.08,770.73,202.90,3941.36,'Completed','2026-05-01 22:09:11','2026-05-05 17:09:11'),
(70,22,15,'West Elaine','Port Amandaside',16907.27,1422.25,NULL,NULL,0.00,'Draft','2026-06-09 11:37:28',NULL),
(71,33,24,'South Brenda','South Joe',13759.27,840.96,904.61,372.82,6794.78,'Completed','2024-08-10 05:12:15','2024-08-10 17:12:15'),
(72,15,3,'Lake William','East Raymondmouth',4475.69,1391.00,1367.56,399.37,7908.75,'Completed','2024-10-06 08:17:44','2024-10-07 06:17:44'),
(73,24,1,'South Christopherville','Williamshaven',5628.05,1517.04,1437.15,401.36,7014.37,'Completed','2025-01-01 14:17:41','2025-01-03 16:17:41'),
(74,33,32,'North Stephanieport','Ramirezchester',9206.72,1334.22,1289.88,463.85,7251.05,'Completed','2024-11-09 22:18:29','2024-11-11 12:18:29'),
(75,6,32,'New Jasmine','Kayleemouth',14766.89,496.94,NULL,NULL,2521.15,'Dispatched','2026-07-02 13:18:01',NULL),
(76,17,28,'Spencerfurt','Stokesfort',2610.12,518.77,520.03,183.19,2052.39,'Completed','2026-02-25 07:14:29','2026-02-26 02:14:29'),
(77,5,14,'Sarahview','Meganland',4508.30,150.03,NULL,NULL,0.00,'Draft','2025-12-24 21:52:03',NULL),
(78,2,5,'Sarahview','Johnnyfurt',7738.99,91.20,NULL,NULL,0.00,'Draft','2025-01-30 14:40:55',NULL),
(79,2,1,'Smithberg','Jeremyland',6486.50,1039.67,1053.26,373.17,4064.06,'Completed','2026-02-14 05:54:25','2026-02-15 13:54:25'),
(80,4,16,'New Ruben','New Donald',2091.79,1545.70,NULL,NULL,0.00,'Cancelled','2025-06-11 08:57:48',NULL),
(81,21,27,'North Colleen','East Kristieton',1914.50,1244.16,NULL,NULL,3576.60,'Dispatched','2024-08-02 19:27:00',NULL),
(82,12,14,'Reyesberg','Lake Amanda',19467.17,679.65,NULL,NULL,1858.97,'Dispatched','2024-09-03 16:59:22',NULL),
(83,21,10,'Port Patrick','Jamesfurt',1061.82,983.34,NULL,NULL,0.00,'Draft','2025-03-28 01:54:20',NULL),
(84,19,23,'East Kenneth','West Travis',1846.50,210.05,NULL,NULL,0.00,'Draft','2025-02-08 18:59:03',NULL),
(85,15,12,'Jasonmouth','West Laurenshire',10820.15,457.17,NULL,NULL,1354.93,'Dispatched','2024-09-24 16:22:50',NULL),
(86,15,19,'Karenview','North Mariamouth',12397.58,1166.95,1208.51,477.10,5722.19,'Completed','2024-11-04 23:48:43','2024-11-06 02:48:43'),
(87,40,25,'Lake Lydia','Port Ryanshire',6558.39,859.58,824.44,343.00,6203.69,'Completed','2025-01-06 11:13:12','2025-01-08 09:13:12'),
(88,8,16,'New William','Lake Jasonfurt',7030.19,1757.61,NULL,NULL,0.00,'Draft','2025-11-03 22:09:39',NULL),
(89,35,20,'Port Jennifer','Jessicaville',15602.15,2048.74,NULL,NULL,0.00,'Cancelled','2026-02-19 06:31:23',NULL),
(90,24,27,'Alvaradoside','West Benjamin',5139.39,783.87,780.27,197.74,3397.88,'Completed','2024-11-10 17:04:38','2024-11-11 12:04:38'),
(91,9,10,'Port Robert','Kaylachester',1524.37,1424.09,NULL,NULL,4477.99,'Dispatched','2025-04-27 08:41:57',NULL),
(92,40,17,'Davisberg','New Allen',3450.75,1424.45,NULL,NULL,8437.90,'Dispatched','2026-01-10 10:31:38',NULL),
(93,20,5,'Lewisside','Rebeccaville',11701.90,1216.68,1297.74,543.70,6366.47,'Completed','2024-09-05 20:21:15','2024-09-09 14:21:15'),
(94,31,35,'Port Robertomouth','East Caitlin',19415.49,117.42,NULL,NULL,0.00,'Draft','2024-11-26 20:35:56',NULL),
(95,23,24,'Boydborough','West Donna',15243.34,1916.65,2003.06,751.97,9920.96,'Completed','2025-09-10 14:02:32','2025-09-14 06:02:32'),
(96,12,25,'West Rebeccamouth','Port Cherylberg',15388.83,606.88,NULL,NULL,0.00,'Draft','2026-03-24 02:13:21',NULL),
(97,14,4,'Taylorshire','Port Maryfurt',7718.42,1867.68,NULL,NULL,7679.57,'Dispatched','2024-09-16 15:38:43',NULL),
(98,24,4,'Hoganshire','Prestonstad',6886.49,649.82,NULL,NULL,2132.28,'Dispatched','2025-06-18 17:30:17',NULL),
(99,9,15,'New Staceyfort','South Kevinmouth',1458.51,1960.35,1875.06,585.56,9161.76,'Completed','2026-02-09 12:55:08','2026-02-12 08:55:08'),
(100,39,35,'Cameronstad','Myershaven',2223.22,1900.03,1903.60,545.53,6615.08,'Completed','2026-02-06 09:12:46','2026-02-08 09:12:46'),
(101,18,14,'North Audreytown','West Matthewstad',1235.08,325.93,NULL,NULL,842.46,'Dispatched','2026-01-07 21:28:07',NULL),
(102,32,24,'Lake Mitchellland','Kempland',403.39,1726.62,NULL,NULL,5955.62,'Dispatched','2026-03-19 06:12:19',NULL),
(103,14,6,'Cookside','East Reneestad',12554.56,1448.33,1370.70,532.22,10093.74,'Completed','2024-12-14 05:56:57','2024-12-17 21:56:57'),
(104,14,21,'New Daniel','Michellechester',17832.68,1221.33,1290.36,451.61,4789.70,'Completed','2026-02-28 14:47:08','2026-03-02 13:47:08'),
(105,21,20,'Melissastad','Lake Bryanbury',2123.34,1960.51,1954.52,651.07,7378.33,'Completed','2026-02-27 10:54:50','2026-02-27 22:54:50'),
(106,21,2,'Karenfurt','Audreyland',1045.85,2000.00,NULL,NULL,0.00,'Cancelled','2024-09-04 06:00:27',NULL),
(107,17,17,'West Robert','West Andrea',6440.70,2095.39,1931.78,545.67,6384.67,'Completed','2025-10-20 13:55:17','2025-10-22 05:55:17'),
(108,40,14,'East Corey','Williamshaven',10134.28,1693.40,1691.82,518.14,9805.51,'Completed','2025-02-15 17:33:44','2025-02-17 04:33:44'),
(109,23,7,'Port Amy','Matthewport',10666.23,1156.31,1225.50,403.39,4887.89,'Completed','2026-03-28 03:39:12','2026-03-30 15:39:12'),
(110,16,3,'North Scott','Laurenton',10195.62,556.03,514.98,180.98,3477.40,'Completed','2024-08-01 16:24:26','2024-08-04 19:24:26'),
(111,34,11,'Robertburgh','Lake Briannahaven',440.90,1101.33,1110.61,402.53,3542.93,'Completed','2025-05-16 06:36:10','2025-05-18 18:36:10'),
(112,4,24,'East Danny','New William',11408.84,971.54,996.77,309.72,6208.13,'Completed','2025-12-18 00:21:00','2025-12-18 14:21:00'),
(113,13,11,'Gonzalezton','Suzannemouth',1609.67,2048.02,NULL,NULL,8102.54,'Dispatched','2026-05-16 07:35:46',NULL),
(114,22,12,'Jeffreytown','South Antonioview',14506.83,1060.06,1125.26,418.47,7259.21,'Completed','2026-04-25 16:52:58','2026-04-28 03:52:58'),
(115,26,30,'North Jerryland','North Sonya',17917.68,587.63,NULL,NULL,2244.61,'Dispatched','2024-12-04 07:20:17',NULL),
(116,12,34,'Robertsfort','Markland',11430.46,1226.33,1218.09,439.03,7057.52,'Completed','2024-11-30 15:58:29','2024-12-01 15:58:29'),
(117,20,14,'East Gabrielle','Stephanieshire',1379.06,352.79,379.96,104.04,2063.47,'Completed','2025-05-17 11:33:26','2025-05-19 14:33:26'),
(118,12,29,'Coxfort','North Donnashire',10079.69,1180.08,1124.65,300.32,4499.44,'Completed','2025-11-06 14:29:58','2025-11-07 06:29:58'),
(119,29,26,'Wilcoxshire','Matthewchester',6653.57,995.95,NULL,NULL,2634.92,'Dispatched','2024-11-30 16:53:03',NULL),
(120,13,29,'Craneshire','Greeneshire',4740.16,650.25,676.90,283.20,2883.42,'Completed','2026-04-30 10:46:31','2026-05-01 23:46:31'),
(121,36,4,'Munozburgh','Emmahaven',21408.83,156.87,150.09,63.03,4068.93,'Completed','2025-02-15 21:01:28','2025-02-18 08:01:28'),
(122,25,4,'Lawsonview','Kyleton',1740.66,622.86,606.05,163.15,3103.68,'Completed','2026-01-30 20:56:32','2026-02-02 02:56:32'),
(123,40,31,'Mcclainbury','Clarkfort',5628.79,713.12,671.73,193.93,5142.91,'Completed','2026-05-15 04:28:45','2026-05-16 10:28:45'),
(124,10,7,'South Michelle','Lake Danieltown',1426.16,944.07,1017.99,368.56,4017.45,'Completed','2025-01-13 15:55:16','2025-01-15 05:55:16'),
(125,29,20,'West Nicholasmouth','Kyleton',4778.24,677.27,657.02,263.20,2332.67,'Completed','2024-12-10 08:14:48','2024-12-11 09:14:48'),
(126,10,30,'West Davidland','Port Hannah',1085.18,284.60,NULL,NULL,1843.82,'Dispatched','2026-06-08 20:50:06',NULL),
(127,32,22,'Jesseburgh','Kevinfurt',1465.85,713.78,709.51,246.12,4409.21,'Completed','2025-05-13 06:22:12','2025-05-15 11:22:12'),
(128,11,16,'Cochranland','South Sharon',16734.37,1891.59,1755.89,551.68,12138.10,'Completed','2025-09-26 10:09:40','2025-09-29 20:09:40'),
(129,2,23,'Lake Jeffrey','Grayberg',17051.14,1326.53,1405.66,410.20,9783.94,'Completed','2025-12-16 22:55:36','2025-12-18 13:55:36'),
(130,25,12,'Juliastad','Lake Janetport',3610.07,1438.14,NULL,NULL,0.00,'Draft','2025-05-30 13:57:13',NULL),
(131,23,15,'Lake Dustin','Samuelmouth',6785.03,1812.98,NULL,NULL,6010.12,'Dispatched','2026-04-08 01:04:43',NULL),
(132,19,7,'Stewartville','Lisaview',1212.01,1781.12,1754.86,492.50,10296.52,'Completed','2025-05-19 20:58:56','2025-05-22 19:58:56'),
(133,12,22,'Karenfort','New Jeffreyview',13866.79,969.86,NULL,NULL,4898.81,'Dispatched','2025-05-25 03:12:37',NULL),
(134,34,18,'North Curtis','East Kelly',955.64,470.71,NULL,NULL,0.00,'Cancelled','2024-08-15 22:24:45',NULL),
(135,35,11,'East Aaronton','Dennistown',9967.04,335.53,NULL,NULL,0.00,'Cancelled','2024-08-28 21:29:19',NULL),
(136,34,9,'North Amandamouth','New Alanborough',2545.38,1871.55,1941.20,749.68,5969.34,'Completed','2025-06-17 12:22:36','2025-06-20 19:22:36'),
(137,12,15,'Kennethside','Pamelaburgh',12731.94,1100.84,NULL,NULL,6814.69,'Dispatched','2024-12-11 22:21:20',NULL),
(138,6,9,'East Taramouth','West Markville',5230.68,1249.11,1221.23,338.98,8597.70,'Completed','2024-07-23 10:39:19','2024-07-25 09:39:19'),
(139,2,34,'New Danielle','East Jeffrey',6050.40,445.47,458.95,187.91,2696.77,'Completed','2025-02-17 19:28:19','2025-02-21 18:28:19'),
(140,34,13,'North Lauraberg','Port Scottbury',3242.31,246.37,NULL,NULL,0.00,'Draft','2024-08-12 03:25:55',NULL),
(141,8,26,'Suzanneton','South Jamesbury',7347.35,988.17,1000.30,392.12,5631.74,'Completed','2025-11-06 18:23:45','2025-11-09 10:23:45'),
(142,24,23,'North Jamesville','Port Lisabury',5546.24,853.40,NULL,NULL,0.00,'Cancelled','2026-05-24 13:15:51',NULL),
(143,36,14,'Alisonbury','Lake Johnathanborough',7233.09,331.44,NULL,NULL,1148.16,'Dispatched','2025-03-05 11:43:43',NULL),
(144,26,30,'Shawnfurt','Davisbury',3355.68,978.11,926.83,383.80,2859.27,'Completed','2026-03-08 06:25:36','2026-03-11 04:25:36'),
(145,18,27,'Wileyburgh','East Charleschester',1233.83,529.99,NULL,NULL,2118.60,'Dispatched','2026-04-16 02:24:02',NULL),
(146,27,22,'Samanthamouth','Robertstad',11770.23,118.35,121.92,43.24,1119.79,'Completed','2025-03-24 11:07:17','2025-03-27 16:07:17'),
(147,16,8,'Rubiohaven','West Davidburgh',1557.50,339.99,319.86,98.40,1908.20,'Completed','2025-02-16 09:04:36','2025-02-19 00:04:36'),
(148,38,28,'Port Amy','East Stephen',2843.96,1203.86,NULL,NULL,3629.46,'Dispatched','2025-10-10 13:12:52',NULL),
(149,26,35,'East Christopher','Joemouth',18021.94,543.32,NULL,NULL,0.00,'Cancelled','2024-11-13 10:46:58',NULL),
(150,25,31,'Collinschester','New Michael',762.16,708.14,675.36,251.36,2865.56,'Completed','2025-06-03 12:14:14','2025-06-07 08:14:14'),
(151,7,13,'Port Ericmouth','Lake Jacobside',644.35,1444.43,NULL,NULL,6571.40,'Dispatched','2024-08-06 05:36:49',NULL),
(152,16,6,'Lake Stephaniestad','Williamstad',8190.00,1350.82,1363.89,447.91,7443.26,'Completed','2026-03-27 03:25:50','2026-03-27 11:25:50'),
(153,40,31,'Matthewville','South Antonio',13513.44,601.93,584.75,259.75,3354.78,'Completed','2025-01-24 14:51:35','2025-01-27 06:51:35'),
(154,33,12,'North John','Markfurt',5391.26,971.96,985.94,309.78,5028.09,'Completed','2025-01-05 08:04:01','2025-01-08 23:04:01'),
(155,27,26,'East Shellyshire','East Coltonberg',8687.93,1392.21,1294.90,362.01,8858.29,'Completed','2024-12-20 15:45:55','2024-12-21 08:45:55'),
(156,20,35,'Donaldbury','West Ashleyhaven',7190.98,317.71,299.31,102.07,2507.33,'Completed','2026-04-27 10:48:24','2026-04-27 17:48:24'),
(157,21,35,'Huffmanmouth','Whitestad',390.37,1568.52,1493.61,453.66,8882.66,'Completed','2024-11-30 19:54:39','2024-12-01 06:54:39'),
(158,18,33,'West Jamieberg','Port Jared',311.91,1251.04,1288.12,478.01,6651.57,'Completed','2024-11-07 16:10:45','2024-11-11 04:10:45'),
(159,29,6,'Ivanstad','New Johnborough',4832.33,1172.53,1206.18,346.89,6651.87,'Completed','2024-09-13 02:05:03','2024-09-13 12:05:03'),
(160,8,34,'New Matthew','East Lesliefort',1925.91,1729.45,1632.65,690.81,8163.94,'Completed','2025-08-16 21:57:32','2025-08-17 11:57:32'),
(161,37,28,'Port Michaelside','Derekland',2045.49,309.31,296.84,125.03,1250.16,'Completed','2025-07-18 04:25:16','2025-07-19 16:25:16'),
(162,28,19,'Cassieshire','South Matthewland',4773.62,936.88,872.11,255.49,3164.40,'Completed','2025-01-18 05:11:36','2025-01-21 22:11:36'),
(163,28,27,'Andrewburgh','Jeremiahview',5126.41,790.62,852.65,347.74,4839.37,'Completed','2026-03-09 20:29:10','2026-03-11 04:29:10'),
(164,5,29,'Mollyfort','Tapiaport',1972.78,490.54,505.53,225.42,2214.76,'Completed','2024-11-06 18:35:27','2024-11-09 15:35:27'),
(165,40,1,'Brandonchester','Hoborough',11038.03,588.58,568.91,253.46,5044.31,'Completed','2025-01-30 00:22:51','2025-01-31 05:22:51'),
(166,25,3,'Johnstonview','West Douglas',2161.77,850.88,786.12,232.94,4719.38,'Completed','2024-09-18 13:15:44','2024-09-21 07:15:44'),
(167,40,28,'Alexashire','South Toni',4394.35,744.68,NULL,NULL,3326.27,'Dispatched','2024-10-28 20:01:36',NULL),
(168,8,12,'Maddoxbury','Lake Danielleland',7432.09,1559.43,1592.99,597.26,8193.93,'Completed','2026-01-01 05:39:28','2026-01-03 11:39:28'),
(169,2,26,'New Williamshire','Lyonshaven',4096.28,324.13,NULL,NULL,0.00,'Cancelled','2026-02-09 10:44:21',NULL),
(170,19,25,'Sandersfurt','Martinshire',1854.43,1410.18,1358.60,501.44,6701.14,'Completed','2025-04-08 21:36:45','2025-04-10 09:36:45'),
(171,21,10,'Lorrainemouth','Lake Deanna',1151.09,1190.29,1223.09,471.47,6337.79,'Completed','2025-08-12 23:01:00','2025-08-16 01:01:00'),
(172,24,30,'South Katherinestad','East Dennis',2534.49,221.96,207.21,81.03,927.92,'Completed','2026-05-18 18:38:09','2026-05-20 21:38:09'),
(173,9,26,'West Ashleyburgh','Mendozashire',1991.94,1853.30,1713.38,703.59,9260.75,'Completed','2024-12-28 19:10:03','2024-12-31 02:10:03'),
(174,3,30,'South Destinyhaven','South Victoria',6995.07,1349.58,NULL,NULL,3603.07,'Dispatched','2024-10-09 10:21:21',NULL),
(175,5,3,'Devonburgh','Davidhaven',1079.83,789.44,785.73,252.62,4759.08,'Completed','2025-02-20 16:43:52','2025-02-22 12:43:52'),
(176,23,34,'Mcdonaldhaven','Geoffreyhaven',17292.56,1332.58,NULL,NULL,6712.94,'Dispatched','2026-06-05 17:42:11',NULL),
(177,14,20,'West Emily','Port Tinaville',11404.13,683.68,NULL,NULL,0.00,'Cancelled','2025-05-16 21:37:16',NULL),
(178,20,1,'New Paige','Briggsmouth',9016.53,567.20,542.72,241.22,2599.76,'Completed','2025-04-02 02:20:29','2025-04-03 01:20:29'),
(179,9,11,'North Christopher','North Amandaberg',5246.43,2123.49,2238.35,592.72,13452.58,'Completed','2025-05-29 22:31:51','2025-06-01 02:31:51'),
(180,3,29,'South Shane','New Jamesshire',12379.03,1741.29,NULL,NULL,6518.00,'Dispatched','2025-06-03 17:14:14',NULL),
(181,15,19,'Robertsstad','Port Carla',7029.65,1750.10,1633.45,431.38,6054.31,'Completed','2024-11-19 21:17:30','2024-11-21 05:17:30'),
(182,36,30,'New Bruceland','South Melissa',11728.66,2097.22,NULL,NULL,0.00,'Draft','2025-05-28 15:19:17',NULL),
(183,35,8,'South Brianmouth','Sarahmouth',5861.47,546.81,NULL,NULL,2693.48,'Dispatched','2025-03-09 11:48:24',NULL),
(184,20,17,'East Richardchester','Wagnermouth',1861.08,595.49,NULL,NULL,0.00,'Cancelled','2024-10-25 20:38:19',NULL),
(185,1,29,'New James','South Debra',7099.95,183.05,NULL,NULL,0.00,'Draft','2024-11-01 23:32:58',NULL),
(186,20,8,'South Brianberg','Annview',3568.53,1915.45,NULL,NULL,6280.20,'Dispatched','2025-04-26 23:40:19',NULL),
(187,9,2,'Freemanmouth','Joyceport',3881.66,1607.07,1692.09,481.52,10320.25,'Completed','2025-10-22 08:38:04','2025-10-25 07:38:04'),
(188,9,5,'Edwardsport','North Tracy',5932.34,314.62,NULL,NULL,0.00,'Draft','2025-05-31 16:12:47',NULL),
(189,6,34,'Garciaville','Lesliefort',2452.22,440.73,425.20,128.32,2052.58,'Completed','2026-06-03 01:30:03','2026-06-06 01:30:03'),
(190,34,35,'Jennifermouth','Morrisfurt',3088.13,208.39,210.48,58.22,860.86,'Completed','2026-03-02 06:15:37','2026-03-05 16:15:37'),
(191,4,21,'East John','Port Brooke',2170.46,711.26,NULL,NULL,2940.14,'Dispatched','2025-01-06 01:17:04',NULL),
(192,38,31,'Rebeccaton','Roberttown',817.53,1935.77,1994.35,550.88,9174.17,'Completed','2025-03-18 22:35:46','2025-03-21 05:35:46'),
(193,38,3,'Carolinechester','Port Rachel',2281.96,679.71,NULL,NULL,2513.75,'Dispatched','2026-07-03 06:49:10',NULL),
(194,34,2,'West Raymond','Santiagoburgh',2294.07,597.81,NULL,NULL,0.00,'Cancelled','2024-07-17 22:00:05',NULL),
(195,35,11,'Cassandrabury','North Mackenzie',4969.94,475.89,NULL,NULL,2442.04,'Dispatched','2025-03-01 11:35:41',NULL),
(196,26,19,'Lake Monica','South Adamstad',15435.68,1764.89,NULL,NULL,0.00,'Draft','2024-09-17 13:39:44',NULL),
(197,3,28,'Craneville','Port Matthew',14180.17,397.85,402.07,165.84,4656.51,'Completed','2025-04-10 16:27:19','2025-04-11 08:27:19'),
(198,15,5,'Amyhaven','Sheriborough',7632.85,1120.81,NULL,NULL,5763.09,'Dispatched','2024-11-29 17:19:31',NULL),
(199,28,16,'New Ethan','North Scott',5281.58,983.11,960.44,430.89,4336.52,'Completed','2025-07-26 03:12:39','2025-07-29 06:12:39'),
(200,7,12,'Andersonmouth','Brooketown',2972.65,1325.65,1235.65,412.58,6519.11,'Completed','2025-03-29 08:40:55','2025-04-01 14:40:55'),
(201,30,8,'East Jimmy','Vargaston',19659.76,1684.69,1672.47,589.35,10571.23,'Completed','2026-05-13 02:03:47','2026-05-14 23:03:47'),
(202,38,34,'East Amandashire','East Michael',1118.72,1859.53,1760.49,682.18,8038.99,'Completed','2024-10-19 23:40:52','2024-10-23 21:40:52'),
(203,25,2,'Tonyafurt','Johnsonmouth',1330.60,571.61,NULL,NULL,0.00,'Cancelled','2026-04-17 09:03:21',NULL),
(204,2,6,'East Hannah','Lake Heiditon',5023.02,1139.15,1101.53,293.23,5273.71,'Completed','2025-01-21 18:37:24','2025-01-24 07:37:24'),
(205,29,31,'North Laura','Port Richardville',1476.22,1864.38,1861.03,496.29,4992.67,'Completed','2025-05-31 09:21:38','2025-06-04 01:21:38'),
(206,3,18,'Estradaberg','Watsonstad',11116.41,1189.69,1224.22,310.23,6273.55,'Completed','2026-05-20 04:26:15','2026-05-22 02:26:15'),
(207,23,4,'Jenkinsstad','East Cameron',7940.42,1133.86,NULL,NULL,0.00,'Draft','2024-12-31 17:31:25',NULL),
(208,12,15,'East Elizabethmouth','Bradleyton',9156.40,104.16,NULL,NULL,449.63,'Dispatched','2024-11-14 00:15:47',NULL),
(209,40,34,'North Russellview','Andersonbury',4068.13,1845.00,NULL,NULL,11530.19,'Dispatched','2025-11-28 21:04:41',NULL),
(210,34,29,'Rebeccamouth','New Shawnhaven',3383.96,103.68,NULL,NULL,415.80,'Dispatched','2025-04-02 07:22:35',NULL),
(211,26,33,'West Davidbury','South Stephanietown',10983.98,982.24,907.42,312.61,6218.33,'Completed','2025-04-03 07:11:34','2025-04-07 07:11:34'),
(212,28,11,'West Angel','South Carlosshire',3104.67,1126.77,1127.45,320.63,6477.99,'Completed','2025-05-20 22:41:29','2025-05-23 05:41:29'),
(213,23,30,'Stephenshaven','East Amandafurt',6251.86,1220.02,1192.46,428.02,7009.37,'Completed','2025-10-22 01:47:03','2025-10-25 23:47:03'),
(214,2,5,'Allenhaven','Woodsmouth',4667.78,1930.45,2083.74,854.65,8959.78,'Completed','2025-05-25 22:14:30','2025-05-27 09:14:30'),
(215,31,8,'East Brittanystad','North Michaelborough',3057.60,261.75,NULL,NULL,725.74,'Dispatched','2024-09-30 12:45:09',NULL),
(216,30,30,'North Williambury','West Tonyton',3024.84,141.51,140.88,56.12,905.04,'Completed','2025-09-01 10:40:26','2025-09-02 15:40:26'),
(217,22,21,'Philipton','West Reginafort',10561.06,2060.93,1923.30,795.30,11873.47,'Completed','2025-05-25 22:37:06','2025-05-28 09:37:06'),
(218,28,28,'Reginamouth','Alexanderton',4856.38,422.80,411.32,131.76,1845.58,'Completed','2025-01-23 03:56:27','2025-01-25 06:56:27'),
(219,21,12,'Lake Jasmin','Phillipsshire',2956.51,1586.76,NULL,NULL,4694.20,'Dispatched','2024-11-21 11:27:31',NULL),
(220,14,31,'Wolfchester','Woodsbury',12817.19,524.42,NULL,NULL,0.00,'Cancelled','2025-02-19 09:24:51',NULL),
(221,11,14,'East Tristanville','Jonathonport',3995.64,1871.26,1841.31,640.47,11035.88,'Completed','2026-02-05 10:12:38','2026-02-09 07:12:38'),
(222,2,24,'Dillonhaven','South Melissa',8720.09,481.45,NULL,NULL,2186.08,'Dispatched','2025-05-31 15:47:10',NULL),
(223,18,28,'Amberberg','New Jamesview',828.97,753.43,734.22,270.52,4380.66,'Completed','2025-10-07 01:39:33','2025-10-07 11:39:33'),
(224,36,31,'Port Steventown','Jennyhaven',3631.32,213.47,NULL,NULL,0.00,'Cancelled','2025-11-26 03:49:02',NULL),
(225,12,18,'Rodriguezmouth','Davisfort',17505.56,1021.34,NULL,NULL,4641.97,'Dispatched','2025-07-31 16:29:49',NULL),
(226,17,25,'East Geneville','North Angelaport',7019.91,1561.56,1454.42,577.14,8567.07,'Completed','2026-01-09 20:38:00','2026-01-10 16:38:00'),
(227,25,4,'East Amanda','Port Jeff',3261.65,1699.73,1810.08,703.93,6574.00,'Completed','2025-07-12 18:13:47','2025-07-15 05:13:47'),
(228,35,21,'Adamsberg','Beckybury',9066.29,1607.98,NULL,NULL,0.00,'Cancelled','2024-08-31 08:35:26',NULL),
(229,4,29,'Briantown','Carrport',2977.33,1523.28,1500.41,412.10,10024.13,'Completed','2026-03-16 13:58:16','2026-03-19 16:58:16'),
(230,36,27,'Kimland','East Katrina',10623.13,775.90,718.87,313.20,5049.86,'Completed','2024-08-05 13:27:51','2024-08-07 04:27:51'),
(231,11,31,'Ashleychester','Shelleyhaven',17427.35,1288.36,1238.13,477.76,8421.65,'Completed','2026-05-04 12:46:21','2026-05-06 17:46:21'),
(232,10,21,'Port Jeremy','West Carlmouth',2773.10,873.97,NULL,NULL,5383.36,'Dispatched','2025-03-02 15:58:14',NULL),
(233,9,33,'East Jonathan','Rodrigueztown',4048.57,187.79,191.27,57.78,1707.79,'Completed','2025-06-19 20:19:02','2025-06-22 13:19:02'),
(234,19,11,'Kimberlyport','Port David',2961.42,2060.24,1936.57,858.09,12578.18,'Completed','2025-10-17 07:35:15','2025-10-18 01:35:15'),
(235,7,30,'Port Kaylamouth','East Jessefort',2898.90,1032.83,NULL,NULL,0.00,'Cancelled','2025-10-23 17:18:48',NULL),
(236,3,15,'Jacquelinechester','New Matthew',3166.11,1794.78,NULL,NULL,0.00,'Draft','2025-01-08 14:24:08',NULL),
(237,3,8,'Andrewsburgh','Howardchester',14124.42,921.65,NULL,NULL,0.00,'Draft','2025-04-28 15:47:16',NULL),
(238,8,4,'Hoodtown','Doughertyberg',7662.22,2003.62,2040.21,845.19,10252.77,'Completed','2025-05-17 03:21:14','2025-05-18 02:21:14'),
(239,11,23,'West Paulchester','East Carmenfort',9989.98,884.74,926.82,355.58,4692.99,'Completed','2025-09-17 09:23:06','2025-09-19 05:23:06'),
(240,4,1,'Williamville','Kimberlyberg',8022.52,665.94,612.73,234.40,4239.35,'Completed','2025-08-23 12:53:35','2025-08-25 02:53:35'),
(241,40,17,'Sherrytown','Port Nathanview',13123.00,271.16,259.16,98.02,3629.97,'Completed','2026-01-07 21:14:53','2026-01-08 16:14:53'),
(242,2,24,'Donland','Thorntonfurt',18982.15,990.20,1039.56,292.18,7065.34,'Completed','2024-08-01 02:07:29','2024-08-01 19:07:29'),
(243,14,22,'Port Katie','Vasquezbury',5884.80,322.80,NULL,NULL,0.00,'Cancelled','2025-07-16 21:19:21',NULL),
(244,40,1,'Prattchester','East Emilymouth',5737.19,1850.31,NULL,NULL,5567.54,'Dispatched','2024-09-10 16:43:03',NULL),
(245,22,28,'West Kaylaland','Port Brandonport',7631.51,976.38,NULL,NULL,0.00,'Cancelled','2025-03-26 07:34:38',NULL),
(246,34,19,'New Thomasstad','Melissaburgh',3858.49,711.35,680.55,270.27,3462.99,'Completed','2026-04-18 00:57:19','2026-04-20 03:57:19'),
(247,32,33,'Nancybury','Carriebury',420.00,1685.85,NULL,NULL,9606.10,'Dispatched','2025-10-15 16:43:32',NULL),
(248,18,7,'West Sue','Mariemouth',354.07,946.11,NULL,NULL,4889.00,'Dispatched','2025-12-12 12:17:35',NULL),
(249,34,14,'Lake Timothybury','East Michelle',3363.44,610.51,NULL,NULL,2323.66,'Dispatched','2024-09-11 04:56:47',NULL),
(250,17,10,'Harrisburgh','West Paulborough',7249.55,577.11,NULL,NULL,0.00,'Draft','2024-11-03 20:23:35',NULL),
(251,39,35,'Robinsonville','Kelseyport',4236.06,51.66,NULL,NULL,0.00,'Draft','2025-07-18 10:25:36',NULL),
(252,12,13,'Rogersland','Port Jerryhaven',3909.27,2000.47,2060.65,798.79,11669.30,'Completed','2025-06-13 14:24:19','2025-06-15 16:24:19'),
(253,7,1,'Smithburgh','Reynoldsville',1430.33,755.84,NULL,NULL,0.00,'Cancelled','2024-11-28 11:06:25',NULL),
(254,27,22,'West Jason','Reginaview',7667.57,1739.63,NULL,NULL,0.00,'Cancelled','2026-05-11 13:31:45',NULL),
(255,26,18,'Karltown','Lake Kimberlymouth',16904.38,1355.05,1446.83,488.24,7668.92,'Completed','2024-08-11 14:55:21','2024-08-14 23:55:21'),
(256,19,2,'West Shannonport','East Emilyville',977.92,1175.49,NULL,NULL,5864.38,'Dispatched','2024-11-29 02:03:53',NULL),
(257,15,35,'Lake Rebecca','South Tiffanytown',6431.78,657.10,605.01,199.27,4319.84,'Completed','2025-08-22 06:40:09','2025-08-26 06:40:09'),
(258,31,26,'Thompsonside','East Devontown',16294.13,911.15,972.47,418.35,6492.30,'Completed','2026-04-05 18:51:02','2026-04-09 09:51:02'),
(259,36,3,'Robinland','Jamestown',5149.43,655.21,689.09,243.15,2502.60,'Completed','2025-08-10 21:01:52','2025-08-13 12:01:52'),
(260,21,14,'Jonathonside','Russohaven',3196.54,693.65,701.95,245.29,2463.17,'Completed','2025-07-30 20:09:44','2025-08-01 08:09:44'),
(261,22,10,'Ramirezburgh','Hartberg',11677.12,1941.20,1990.07,851.14,8297.18,'Completed','2026-04-27 21:45:09','2026-05-01 20:45:09'),
(262,3,6,'New Anthony','Port Loganbury',6527.84,2137.79,2145.62,667.49,13406.55,'Completed','2025-02-28 07:46:02','2025-03-02 15:46:02'),
(263,21,9,'South Jessicashire','Collierland',2284.85,767.48,NULL,NULL,0.00,'Cancelled','2026-02-11 17:35:38',NULL),
(264,34,28,'East Angelaside','Stephensshire',690.70,541.23,NULL,NULL,0.00,'Cancelled','2024-08-13 01:39:00',NULL),
(265,22,2,'West Jasmine','Reneetown',21191.75,71.96,76.34,23.38,2082.85,'Completed','2026-05-20 07:52:00','2026-05-23 23:52:00'),
(266,28,19,'Jameshaven','East Christopher',3051.56,111.02,117.60,42.13,611.39,'Completed','2025-06-25 20:14:54','2025-06-29 11:14:54'),
(267,4,15,'Lake Maureenport','East Laurenton',8541.46,1299.50,1237.78,436.04,6238.07,'Completed','2025-12-08 06:11:50','2025-12-08 20:11:50'),
(268,12,16,'Wellsburgh','New Taylor',22518.83,1839.19,1947.17,799.29,11452.51,'Completed','2025-11-03 17:20:44','2025-11-06 01:20:44'),
(269,1,19,'Port Elainebury','East Matthewfort',3666.47,1721.23,NULL,NULL,0.00,'Draft','2025-07-05 10:37:08',NULL),
(270,17,29,'Ryanshire','Port Stephanie',4990.72,682.46,633.75,180.69,3548.24,'Completed','2025-01-16 14:22:09','2025-01-18 01:22:09'),
(271,26,1,'Kellyshire','South Rachel',13615.27,664.14,647.13,195.02,4340.56,'Completed','2026-04-01 10:58:04','2026-04-04 17:58:04'),
(272,37,25,'Lake Mindy','Charleschester',984.14,1592.95,1569.03,397.86,7507.01,'Completed','2026-04-08 17:12:32','2026-04-08 20:12:32'),
(273,12,4,'Brownmouth','Lake Deborahbury',16221.81,1718.56,1633.56,480.95,9538.89,'Completed','2025-06-07 03:02:44','2025-06-10 12:02:44'),
(274,17,13,'West Ericaview','Davidburgh',6106.40,573.91,589.62,220.46,2657.14,'Completed','2025-05-20 02:19:51','2025-05-24 00:19:51'),
(275,24,18,'Jenniferbury','Bradytown',9837.69,493.33,496.26,126.24,3358.53,'Completed','2026-06-09 13:16:57','2026-06-10 19:16:57'),
(276,15,11,'Davidview','New Christopherhaven',4168.24,86.73,83.42,24.40,1035.68,'Completed','2025-11-05 06:28:48','2025-11-06 18:28:48'),
(277,10,32,'West Jody','South Nathan',2430.10,673.47,NULL,NULL,0.00,'Cancelled','2025-10-17 09:48:34',NULL),
(278,26,23,'Glennfort','New Tracyland',6360.51,641.20,677.83,234.98,4274.99,'Completed','2026-05-20 13:49:00','2026-05-21 11:49:00'),
(279,25,4,'North Andrewton','Larryside',2022.40,179.64,NULL,NULL,0.00,'Draft','2025-06-23 14:51:59',NULL),
(280,30,20,'Andremouth','Port Tammy',2149.13,751.57,NULL,NULL,0.00,'Draft','2025-03-20 01:36:49',NULL),
(281,40,32,'North Scottborough','Hernandezburgh',12439.00,1797.09,1775.13,573.95,11710.10,'Completed','2024-12-27 08:29:17','2024-12-30 16:29:17'),
(282,28,26,'Williamsmouth','South Amandahaven',5355.95,225.03,212.83,67.56,1908.68,'Completed','2024-11-06 22:07:25','2024-11-08 23:07:25'),
(283,8,25,'Walkerview','Lopezton',1578.73,1343.55,NULL,NULL,0.00,'Draft','2025-09-24 12:16:14',NULL),
(284,15,31,'Jenkinshaven','Nelsonmouth',4180.45,1514.20,1416.28,452.32,7139.00,'Completed','2025-08-26 02:50:24','2025-08-28 21:50:24'),
(285,11,25,'North Thomaschester','South Ethan',17168.49,1073.04,993.61,287.84,7123.64,'Completed','2025-08-10 12:45:35','2025-08-11 22:45:35'),
(286,36,1,'West Vicki','Mitchellstad',19434.80,638.74,NULL,NULL,0.00,'Draft','2026-05-22 23:02:13',NULL),
(287,4,20,'Bergside','Mitchellstad',2549.16,338.51,319.90,106.72,1146.44,'Completed','2025-08-09 17:04:51','2025-08-10 12:04:51'),
(288,11,27,'West Andrew','West Jennafurt',15369.90,872.79,NULL,NULL,2786.36,'Dispatched','2024-11-05 09:24:34',NULL),
(289,5,32,'Tracyburgh','Rodriguezberg',1405.43,173.98,NULL,NULL,1061.26,'Dispatched','2024-10-01 20:48:19',NULL),
(290,40,10,'East Carlosmouth','Floydton',13462.18,2126.20,2211.78,806.89,15123.01,'Completed','2025-01-25 00:35:09','2025-01-27 02:35:09'),
(291,18,12,'Smallborough','Caitlinville',1250.39,1041.31,1110.83,435.51,6633.09,'Completed','2025-03-15 00:09:51','2025-03-16 07:09:51'),
(292,8,28,'Morganfurt','Christophermouth',3914.24,818.48,826.63,271.43,4206.63,'Completed','2025-08-23 09:37:26','2025-08-27 01:37:26'),
(293,4,24,'Reynoldschester','Jacobton',11059.84,1027.46,1021.98,331.78,5907.68,'Completed','2025-03-08 19:26:30','2025-03-09 17:26:30'),
(294,35,19,'Tammyland','Barbaraburgh',5973.25,292.45,274.01,104.92,1675.57,'Completed','2024-10-25 09:23:17','2024-10-28 23:23:17'),
(295,14,20,'New Jamesbury','Christinaburgh',5550.75,149.77,154.53,48.18,1381.11,'Completed','2026-01-24 10:26:00','2026-01-26 03:26:00'),
(296,30,21,'Georgeberg','Simmonsstad',5210.15,1429.78,1327.06,433.20,9182.33,'Completed','2025-12-05 05:01:28','2025-12-06 04:01:28'),
(297,32,32,'New Charlesstad','East Jason',291.50,1889.90,1933.87,741.09,12040.02,'Completed','2025-04-25 15:56:51','2025-04-27 19:56:51'),
(298,1,3,'Ronaldmouth','Mcculloughland',3918.17,1442.12,NULL,NULL,0.00,'Cancelled','2025-09-15 01:06:13',NULL),
(299,21,3,'Port Donaldside','Mezaland',1706.70,2006.05,NULL,NULL,0.00,'Cancelled','2024-07-17 18:08:52',NULL),
(300,12,29,'East Joshuamouth','Reeveshaven',13055.66,564.81,NULL,500.00,2976.00,'Completed','2025-01-24 22:44:30','2026-07-13 00:46:48'),
(301,1,3,'Gandhinagar Depot','Ahmedabad Hub',5000.00,250.00,NULL,NULL,0.00,'Dispatched','2026-07-13 06:20:07',NULL);
/*!40000 ALTER TABLE `trips` ENABLE KEYS */;
UNLOCK TABLES;
COMMIT;
SET AUTOCOMMIT=@OLD_AUTOCOMMIT;

--
-- Table structure for table `users`
--

DROP TABLE IF EXISTS `users`;
/*!40101 SET @saved_cs_client     = @@character_set_client */;
/*!40101 SET character_set_client = utf8mb4 */;
CREATE TABLE `users` (
  `id` int(11) NOT NULL AUTO_INCREMENT,
  `email` varchar(100) NOT NULL,
  `password_hash` varchar(255) NOT NULL,
  `role` enum('Fleet Manager','Dispatcher','Safety Officer','Financial Analyst') NOT NULL,
  `created_at` timestamp NULL DEFAULT current_timestamp(),
  PRIMARY KEY (`id`),
  UNIQUE KEY `email` (`email`)
) ENGINE=InnoDB AUTO_INCREMENT=18 DEFAULT CHARSET=utf8mb4 COLLATE=utf8mb4_uca1400_ai_ci;
/*!40101 SET character_set_client = @saved_cs_client */;

--
-- Dumping data for table `users`
--

SET @OLD_AUTOCOMMIT=@@AUTOCOMMIT, @@AUTOCOMMIT=0;
LOCK TABLES `users` WRITE;
/*!40000 ALTER TABLE `users` DISABLE KEYS */;
INSERT INTO `users` VALUES
(1,'billy.schmidt@transitops-demo.com','$2b$12$259KlqnKWdRTwGkUc.ZOr69iX1QSC7.yZBkui69hMAhspVamCbOM1','Dispatcher','2024-11-08 22:19:57'),
(2,'david.foster@transitops-demo.com','$2b$12$ljmtW1C32kwAhn4nZ5bKasRUPexZBRWuhTwIvUKh6yJ/OUVUm7MH7','Safety Officer','2025-08-25 06:17:53'),
(3,'nicole.johnson@transitops-demo.com','$2b$12$SCQmHRL.vN.S9e/p9sbUjXzrleXa6ZARtDqkGrgLeeCkTkfOrtHpv','Fleet Manager','2025-02-05 18:39:58'),
(4,'christopher.mcbride@transitops-demo.com','$2b$12$e1HxGVkPT0rNoJlY3vo9T2b5NuBWYmOk.C6UMqHiiTxWpTTtgzFgl','Fleet Manager','2023-10-14 11:56:25'),
(5,'austin.cruz@transitops-demo.com','$2b$12$ZbWRFHU4CQrNlooCW.psJyCqFhnfaaE42smk0PYby4IKqfPtaIHi7','Fleet Manager','2025-09-21 14:02:48'),
(6,'lawrence.anderson@transitops-demo.com','$2b$12$BmFir0mCvrqOpLYlBSO.5JITI6erN.elgdnBcO6GGguicQ5W5CVrq','Safety Officer','2025-11-28 10:05:53'),
(7,'lindsay.foley@transitops-demo.com','$2b$12$fcyUuiYZ2tBpJvvY9LgPC/U1SI51skxHgwKc0PutwuVGHj6uue.E6','Financial Analyst','2024-06-09 02:26:35'),
(8,'roger.sanchez@transitops-demo.com','$2b$12$077ZiHK/YSVx8PzD.IkjRK6lAUdgIrgqOHfe2Pl3bx2Ts5M35BRI8','Financial Analyst','2025-03-13 12:57:36'),
(9,'mark.morgan@transitops-demo.com','$2b$12$U0/qmVXGFz4YLc2DmtSaht4V.IKJHI09AOttGLJ.kO/VKxz75Q572','Financial Analyst','2025-11-16 10:23:04'),
(10,'stephanie.silva@transitops-demo.com','$2b$12$rrYO2XyZEjj/0xiY8A8sArv6n18zBenjUgjXgPlaB9dnBdP7VR1V/','Safety Officer','2023-11-04 04:34:30'),
(11,'denise.west@transitops-demo.com','$2b$12$lZTdnP3hCRFzMEjNSkqV7I3OZ6YN3gWUw4TdOt5gGrpjqAO5d1G8r','Financial Analyst','2026-06-28 04:52:59'),
(12,'jennifer.davenport@transitops-demo.com','$2b$12$SrnxEvMl4SIduSPZ5uFviiqfISKRomK4BabtNfoR/vMHbviqXRceU','Fleet Manager','2025-08-18 07:10:11'),
(13,'raven.k@transitops.in','ef92b778bafe771e89245b89ecbc08a44a4e166c06659911881f383d4473e94f','Dispatcher','2026-07-13 06:02:36'),
(14,'meera.f@transitops.in','ef92b778bafe771e89245b89ecbc08a44a4e166c06659911881f383d4473e94f','Fleet Manager','2026-07-13 06:02:36'),
(15,'sam.s@transitops.in','ef92b778bafe771e89245b89ecbc08a44a4e166c06659911881f383d4473e94f','Safety Officer','2026-07-13 06:02:36'),
(16,'nikhil.a@transitops.in','ef92b778bafe771e89245b89ecbc08a44a4e166c06659911881f383d4473e94f','Financial Analyst','2026-07-13 06:02:36'),
(17,'manager@transitops.com','ef92b778bafe771e89245b89ecbc08a44a4e166c06659911881f383d4473e94f','Fleet Manager','2026-07-13 06:02:36');
/*!40000 ALTER TABLE `users` ENABLE KEYS */;
UNLOCK TABLES;
COMMIT;
SET AUTOCOMMIT=@OLD_AUTOCOMMIT;

--
-- Table structure for table `vehicles`
--

DROP TABLE IF EXISTS `vehicles`;
/*!40101 SET @saved_cs_client     = @@character_set_client */;
/*!40101 SET character_set_client = utf8mb4 */;
CREATE TABLE `vehicles` (
  `id` int(11) NOT NULL AUTO_INCREMENT,
  `registration_number` varchar(50) NOT NULL,
  `model` varchar(100) NOT NULL,
  `type` varchar(50) NOT NULL,
  `max_capacity` decimal(10,2) NOT NULL,
  `odometer` decimal(10,2) DEFAULT 0.00,
  `acquisition_cost` decimal(12,2) NOT NULL,
  `region` varchar(50) DEFAULT NULL,
  `status` enum('Available','On Trip','In Shop','Retired') DEFAULT 'Available',
  `created_at` timestamp NULL DEFAULT current_timestamp(),
  PRIMARY KEY (`id`),
  UNIQUE KEY `registration_number` (`registration_number`)
) ENGINE=InnoDB AUTO_INCREMENT=41 DEFAULT CHARSET=utf8mb4 COLLATE=utf8mb4_uca1400_ai_ci;
/*!40101 SET character_set_client = @saved_cs_client */;

--
-- Dumping data for table `vehicles`
--

SET @OLD_AUTOCOMMIT=@@AUTOCOMMIT, @@AUTOCOMMIT=0;
LOCK TABLES `vehicles` WRITE;
/*!40000 ALTER TABLE `vehicles` DISABLE KEYS */;
INSERT INTO `vehicles` VALUES
(1,'SZY1417','Volvo FH16','Truck',14005.53,240679.52,25412.63,'South','On Trip','2025-10-22 15:03:32'),
(2,'U17-MZG','Wabash Flatbed Trailer','Flatbed',19098.38,28157.88,19677.33,'Northwest','Available','2023-08-12 14:51:39'),
(3,'074-NTY','Ford Transit 350','Van',16943.32,79899.17,147301.35,'South','Available','2025-09-09 11:18:10'),
(4,'0S 8D0KAA','Ford Transit 350','Van',15869.47,2761.48,160403.59,'West','On Trip','2026-05-05 16:36:31'),
(5,'0VG N83','Polar Tank Trailer','Tanker',5943.25,131366.28,96809.02,'West','On Trip','2025-10-25 15:00:35'),
(6,'RHL-3374','Ford F-350','Pickup',22892.07,277951.99,83669.69,'Southwest','Available','2026-04-21 20:26:51'),
(7,'12-4158R','Hino 268','Box Truck',3604.65,99808.56,134044.93,'Southwest','Available','2026-05-02 17:26:43'),
(8,'QVG 449','Peterbilt 579','Truck',7838.15,176274.18,160609.04,'Southwest','In Shop','2026-06-12 05:50:27'),
(9,'QMS-0736','Chevrolet Silverado 3500HD','Pickup',6431.57,239221.27,83361.81,'East','In Shop','2024-10-08 03:28:02'),
(10,'KLR 517','Great Dane Dry Van Trailer','Trailer',2806.05,199127.34,32808.66,'East','Available','2025-07-08 05:10:27'),
(11,'YFQ M57','Chevrolet Silverado 3500HD','Pickup',17800.17,140796.04,65907.36,'Northwest','Available','2025-09-21 18:14:27'),
(12,'B99-JWT','Mack Anthem','Truck',23584.18,231721.75,104036.88,'Southwest','Available','2024-09-15 11:14:04'),
(13,'ZFQ 303','Great Dane Dry Van Trailer','Trailer',11451.86,80783.84,105419.39,'North','In Shop','2025-02-22 07:36:00'),
(14,'HMQ-5957','Polar Tank Trailer','Tanker',19572.05,155603.49,107624.05,'Northwest','On Trip','2026-04-03 12:19:40'),
(15,'06RT8','Great Dane Dry Van Trailer','Trailer',14023.98,59951.83,98278.88,'Southeast','Available','2025-12-14 08:50:20'),
(16,'YRG 607','Ford Transit 350','Van',13292.71,187046.84,116054.66,'Southeast','In Shop','2026-02-19 00:06:00'),
(17,'838-675','Kenworth T680','Truck',13577.55,54235.20,30114.23,'Southwest','In Shop','2024-10-08 06:22:16'),
(18,'9RR9579','Isuzu NPR-HD','Box Truck',1553.05,283071.08,26624.82,'North','In Shop','2023-08-12 05:04:27'),
(19,'1U 8F4RSF','Isuzu NPR-HD','Box Truck',6589.77,32846.59,118092.34,'Northeast','Available','2023-08-17 02:53:15'),
(20,'107C0','Isuzu NPR-HD','Box Truck',13035.23,50443.48,60030.88,'Central','Available','2025-10-15 03:56:59'),
(21,'192HI','Chevrolet Silverado 3500HD','Pickup',3449.22,93601.48,71651.51,'West','Available','2024-07-23 15:11:53'),
(22,'824-FFI','Polar Tank Trailer','Tanker',23460.33,289669.06,86223.17,'North','Available','2025-06-21 04:29:36'),
(23,'OWK 771','Mercedes-Benz Sprinter','Van',17476.98,48068.28,131259.93,'Northwest','Available','2023-08-07 11:02:15'),
(24,'341-KNZ','Polar Tank Trailer','Tanker',11259.60,157168.63,20065.55,'Northeast','Available','2024-04-15 01:15:23'),
(25,'QGT 603','Hino 268','Box Truck',3715.85,63639.51,22827.63,'South','Available','2023-08-01 03:26:21'),
(26,'BX 2786','Hino 268','Box Truck',18057.14,124851.68,56639.09,'North','In Shop','2025-02-27 21:11:31'),
(27,'8U ZW738','Peterbilt 579','Truck',23123.07,171084.17,43300.32,NULL,'Available','2025-06-21 12:28:13'),
(28,'VSZ 560','Freightliner Cascadia','Truck',5573.67,202245.90,86436.77,'West','Retired','2025-09-26 21:20:34'),
(29,'411 4GB','Wabash Flatbed Trailer','Flatbed',7668.89,149939.98,68682.03,'Northwest','Available','2026-04-11 15:18:35'),
(30,'942 XFN','Peterbilt 579','Truck',20694.85,243341.72,107951.19,'East','Available','2023-07-21 20:53:02'),
(31,'SGS7298','Freightliner Cascadia','Truck',20234.66,279656.24,71735.22,'Southwest','Retired','2023-08-22 13:18:52'),
(32,'L 139693','Mack Anthem','Truck',2315.49,12120.14,36947.81,'East','Available','2025-01-01 13:44:55'),
(33,'8MJ70','International MV Series','Box Truck',14724.84,252339.66,75737.82,'Northeast','Available','2024-07-02 17:58:37'),
(34,'JA5 F9G','Chevrolet Silverado 3500HD','Pickup',3940.03,165351.14,32205.37,'North','Available','2025-11-15 10:11:09'),
(35,'1NGI 68','Volvo FH16','Truck',20021.34,102269.24,116505.70,'Northwest','On Trip','2024-07-23 00:08:31'),
(36,'7R831','RAM ProMaster 2500','Van',22892.11,109467.54,63766.18,'Southwest','On Trip','2025-09-13 18:25:46'),
(37,'834-EFF','Isuzu NPR-HD','Box Truck',3299.35,13725.52,63796.76,'North','Available','2025-10-20 14:33:06'),
(38,'45Q 551','Mercedes-Benz Sprinter','Van',5159.79,235653.64,111820.82,'East','Available','2024-05-26 09:15:37'),
(39,'72Y W98','Mack Anthem','Truck',4487.52,253505.67,86791.97,'Northwest','On Trip','2025-11-01 19:09:23'),
(40,'1622 BN','Hino 268','Box Truck',13564.85,213483.28,66885.86,'West','Available','2024-07-19 18:34:27');
/*!40000 ALTER TABLE `vehicles` ENABLE KEYS */;
UNLOCK TABLES;
COMMIT;
SET AUTOCOMMIT=@OLD_AUTOCOMMIT;
/*!40103 SET TIME_ZONE=@OLD_TIME_ZONE */;

/*!40101 SET SQL_MODE=@OLD_SQL_MODE */;
/*!40014 SET FOREIGN_KEY_CHECKS=@OLD_FOREIGN_KEY_CHECKS */;
/*!40014 SET UNIQUE_CHECKS=@OLD_UNIQUE_CHECKS */;
/*!40101 SET CHARACTER_SET_CLIENT=@OLD_CHARACTER_SET_CLIENT */;
/*!40101 SET CHARACTER_SET_RESULTS=@OLD_CHARACTER_SET_RESULTS */;
/*!40101 SET COLLATION_CONNECTION=@OLD_COLLATION_CONNECTION */;
/*M!100616 SET NOTE_VERBOSITY=@OLD_NOTE_VERBOSITY */;

-- Dump completed on 2026-07-13 13:03:00
